dataset,split,seed,method,run_dir,interval_path,exists,size_bytes,sha1_fast,choices_cp_subdir,picked_component,choices_match
davis,cold_drug,0,Fixed,runs/2025-12-23_deepdta_points/deepdta_point_davis_cold_drug_seed0,runs/2025-12-23_deepdta_points/deepdta_point_davis_cold_drug_seed0/cp_local_target_tfidf_k60_m200_gamma0p0_alpha0p1/pred_intervals_test.csv.gz,True,74779,9859a810e89a40c3d6564e8fa2b1cd9ec825a6c2,,cp_local_target_tfidf_k60_m200_gamma0p0_alpha0p1,
davis,cold_drug,0,NaiveAutoSel,runs/2025-12-23_deepdta_points/deepdta_point_davis_cold_drug_seed0,runs/2025-12-23_deepdta_points/deepdta_point_davis_cold_drug_seed0/cp_local_autosel_target_k240_m50_gamma0_alpha0p1/pred_intervals_test.csv.gz,True,73579,83d1a01c1aa135788aa6e4d327d2a256bfc6caf8,,cp_local_autosel_target_k240_m50_gamma0_alpha0p1,
davis,cold_drug,0,CAS-LCB,runs/2025-12-23_deepdta_points/deepdta_point_davis_cold_drug_seed0,runs/2025-12-23_deepdta_points/deepdta_point_davis_cold_drug_seed0/cp_local_constrained_lcb_target_aacomp_k30_m50_gamma0p05_alpha0p02/pred_intervals_test.csv.gz,True,83976,be53bd948d8d960f4fa98e6f9651aa6b7eb06629,cp_local_autosel_target_k30_m50_gamma0p05_alpha0p02,cp_local_constrained_lcb_target_aacomp_k30_m50_gamma0p05_alpha0p02,False
davis,cold_drug,0,CAS-LCB-Bonf,runs/2025-12-23_deepdta_points/deepdta_point_davis_cold_drug_seed0,runs/2025-12-23_deepdta_points/deepdta_point_davis_cold_drug_seed0/cp_constrained_bonf_C17_delta0p05/pred_intervals_test.csv.gz,True,83976,dbc89737ab52a7b27c0a5e42309964a409640556,,cp_constrained_bonf_C17_delta0p05,
davis,cold_drug,0,TC-SC,runs/2025-12-23_deepdta_points/deepdta_point_davis_cold_drug_seed0,runs/2025-12-23_deepdta_points/deepdta_point_davis_cold_drug_seed0/pred_intervals_test_tc_sc.csv.gz,True,1113588,18061df9633a457b02eef6b882b156aea4b1a037,,pred_intervals_test_tc_sc.csv.gz,
davis,cold_drug,0,WSC-B,runs/2025-12-23_deepdta_points/deepdta_point_davis_cold_drug_seed0,runs/2025-12-23_deepdta_points/deepdta_point_davis_cold_drug_seed0/pred_intervals_test_wsc_B.csv.gz,True,1113540,30886f0cde2508dedc55baa22cb03d24a4d4af32,,pred_intervals_test_wsc_B.csv.gz,
davis,cold_drug,1,Fixed,runs/2025-12-23_deepdta_points/deepdta_point_davis_cold_drug_seed1,runs/2025-12-23_deepdta_points/deepdta_point_davis_cold_drug_seed1/cp_local_target_tfidf_k60_m200_gamma0p0_alpha0p1/pred_intervals_test.csv.gz,True,74898,4901676b829681f5b626835983c1c2bd73874937,,cp_local_target_tfidf_k60_m200_gamma0p0_alpha0p1,
davis,cold_drug,1,NaiveAutoSel,runs/2025-12-23_deepdta_points/deepdta_point_davis_cold_drug_seed1,runs/2025-12-23_deepdta_points/deepdta_point_davis_cold_drug_seed1/cp_local_autosel_target_k240_m50_gamma0_alpha0p1/pred_intervals_test.csv.gz,True,73998,bb2e4c45521af4e5c43a7eb83df1c10f3ee91bbb,,cp_local_autosel_target_k240_m50_gamma0_alpha0p1,
davis,cold_drug,1,CAS-LCB,runs/2025-12-23_deepdta_points/deepdta_point_davis_cold_drug_seed1,runs/2025-12-23_deepdta_points/deepdta_point_davis_cold_drug_seed1/cp_local_constrained_lcb_target_aacomp_k120_m50_gamma0_alpha0p02/pred_intervals_test.csv.gz,True,73511,95ab3b9d9285512064edda315f6ec7e14c1ffaa2,cp_local_autosel_target_k120_m50_gamma0_alpha0p02,cp_local_constrained_lcb_target_aacomp_k120_m50_gamma0_alpha0p02,False
davis,cold_drug,1,CAS-LCB-Bonf,runs/2025-12-23_deepdta_points/deepdta_point_davis_cold_drug_seed1,runs/2025-12-23_deepdta_points/deepdta_point_davis_cold_drug_seed1/cp_constrained_bonf_C17_delta0p05/pred_intervals_test.csv.gz,True,73511,19a8f886bf5e2fcf2bfd74706f48fcabdb3d4d14,,cp_constrained_bonf_C17_delta0p05,
davis,cold_drug,1,TC-SC,runs/2025-12-23_deepdta_points/deepdta_point_davis_cold_drug_seed1,runs/2025-12-23_deepdta_points/deepdta_point_davis_cold_drug_seed1/pred_intervals_test_tc_sc.csv.gz,True,1113714,161a746c5b47e9937a31f418dc895cab9d0be5b0,,pred_intervals_test_tc_sc.csv.gz,
davis,cold_drug,1,WSC-B,runs/2025-12-23_deepdta_points/deepdta_point_davis_cold_drug_seed1,runs/2025-12-23_deepdta_points/deepdta_point_davis_cold_drug_seed1/pred_intervals_test_wsc_B.csv.gz,True,1113676,684ed2bc58ecaa0aef063800d6050bbe48775a41,,pred_intervals_test_wsc_B.csv.gz,
davis,cold_drug,2,Fixed,runs/2025-12-23_deepdta_points/deepdta_point_davis_cold_drug_seed2,runs/2025-12-23_deepdta_points/deepdta_point_davis_cold_drug_seed2/cp_local_target_tfidf_k60_m200_gamma0p0_alpha0p1/pred_intervals_test.csv.gz,True,74681,b2b6808d9649fd36c15d7c04d611a21e9a3f897b,,cp_local_target_tfidf_k60_m200_gamma0p0_alpha0p1,
davis,cold_drug,2,NaiveAutoSel,runs/2025-12-23_deepdta_points/deepdta_point_davis_cold_drug_seed2,runs/2025-12-23_deepdta_points/deepdta_point_davis_cold_drug_seed2/cp_local_autosel_target_k240_m50_gamma0_alpha0p1/pred_intervals_test.csv.gz,True,73978,626d5e900032b82913871ff26334466664aae553,,cp_local_autosel_target_k240_m50_gamma0_alpha0p1,
davis,cold_drug,2,CAS-LCB,runs/2025-12-23_deepdta_points/deepdta_point_davis_cold_drug_seed2,runs/2025-12-23_deepdta_points/deepdta_point_davis_cold_drug_seed2/cp_local_constrained_lcb_target_aacomp_k240_m50_gamma0_alpha0p02/pred_intervals_test.csv.gz,True,72639,17685390ea5167cc7cae148a65ece41a50174809,cp_local_autosel_target_k240_m50_gamma0_alpha0p02,cp_local_constrained_lcb_target_aacomp_k240_m50_gamma0_alpha0p02,False
davis,cold_drug,2,CAS-LCB-Bonf,runs/2025-12-23_deepdta_points/deepdta_point_davis_cold_drug_seed2,runs/2025-12-23_deepdta_points/deepdta_point_davis_cold_drug_seed2/cp_constrained_bonf_C17_delta0p05/pred_intervals_test.csv.gz,True,72639,75f8f528c80d20e079a9791fd1a06a9b3b7957b7,,cp_constrained_bonf_C17_delta0p05,
davis,cold_drug,2,TC-SC,runs/2025-12-23_deepdta_points/deepdta_point_davis_cold_drug_seed2,runs/2025-12-23_deepdta_points/deepdta_point_davis_cold_drug_seed2/pred_intervals_test_tc_sc.csv.gz,True,1113417,0ff0264bb7cc4bc08accbdc4ae99e64a030b73a6,,pred_intervals_test_tc_sc.csv.gz,
davis,cold_drug,2,WSC-B,runs/2025-12-23_deepdta_points/deepdta_point_davis_cold_drug_seed2,runs/2025-12-23_deepdta_points/deepdta_point_davis_cold_drug_seed2/pred_intervals_test_wsc_B.csv.gz,True,1113436,85819a5e5d7e08a81cd922afa8e6f17395bd95a5,,pred_intervals_test_wsc_B.csv.gz,
davis,cold_drug,3,Fixed,runs/2025-12-23_deepdta_points/deepdta_point_davis_cold_drug_seed3,runs/2025-12-23_deepdta_points/deepdta_point_davis_cold_drug_seed3/cp_local_target_tfidf_k60_m200_gamma0p0_alpha0p1/pred_intervals_test.csv.gz,True,73928,d7c1240453550af089fbf57db36ddb3daca5a37d,,cp_local_target_tfidf_k60_m200_gamma0p0_alpha0p1,
davis,cold_drug,3,NaiveAutoSel,runs/2025-12-23_deepdta_points/deepdta_point_davis_cold_drug_seed3,runs/2025-12-23_deepdta_points/deepdta_point_davis_cold_drug_seed3/cp_local_autosel_target_k240_m50_gamma0_alpha0p1/pred_intervals_test.csv.gz,True,73088,a6e890063d9b8bbc05422d14726c6fe1ac0ac32f,,cp_local_autosel_target_k240_m50_gamma0_alpha0p1,
davis,cold_drug,3,CAS-LCB,runs/2025-12-23_deepdta_points/deepdta_point_davis_cold_drug_seed3,runs/2025-12-23_deepdta_points/deepdta_point_davis_cold_drug_seed3/cp_local_constrained_lcb_target_aacomp_k120_m50_gamma0p1_alpha0p05/pred_intervals_test.csv.gz,True,83290,ee20de1508715beb22309ebd867052253c4ac515,cp_local_autosel_target_k120_m50_gamma0p1_alpha0p05,cp_local_constrained_lcb_target_aacomp_k120_m50_gamma0p1_alpha0p05,False
davis,cold_drug,3,CAS-LCB-Bonf,runs/2025-12-23_deepdta_points/deepdta_point_davis_cold_drug_seed3,runs/2025-12-23_deepdta_points/deepdta_point_davis_cold_drug_seed3/cp_constrained_bonf_C17_delta0p05/pred_intervals_test.csv.gz,True,83290,d965ba65892338b8037446ef8597da1c4c642748,,cp_constrained_bonf_C17_delta0p05,
davis,cold_drug,3,TC-SC,runs/2025-12-23_deepdta_points/deepdta_point_davis_cold_drug_seed3,runs/2025-12-23_deepdta_points/deepdta_point_davis_cold_drug_seed3/pred_intervals_test_tc_sc.csv.gz,True,1111775,cfb047e1dd76d5cbef2476e6b6c3437fcde79202,,pred_intervals_test_tc_sc.csv.gz,
davis,cold_drug,3,WSC-B,runs/2025-12-23_deepdta_points/deepdta_point_davis_cold_drug_seed3,runs/2025-12-23_deepdta_points/deepdta_point_davis_cold_drug_seed3/pred_intervals_test_wsc_B.csv.gz,True,1112875,5d436727db94e4a1d6d6a288344e673b723b9c9b,,pred_intervals_test_wsc_B.csv.gz,
davis,cold_drug,4,Fixed,runs/2025-12-23_deepdta_points/deepdta_point_davis_cold_drug_seed4,runs/2025-12-23_deepdta_points/deepdta_point_davis_cold_drug_seed4/cp_local_target_tfidf_k60_m200_gamma0p0_alpha0p1/pred_intervals_test.csv.gz,True,73408,1f638bf471bb68230b830cbf2356758429fe4e65,,cp_local_target_tfidf_k60_m200_gamma0p0_alpha0p1,
davis,cold_drug,4,NaiveAutoSel,runs/2025-12-23_deepdta_points/deepdta_point_davis_cold_drug_seed4,runs/2025-12-23_deepdta_points/deepdta_point_davis_cold_drug_seed4/cp_local_autosel_target_k240_m50_gamma0_alpha0p1/pred_intervals_test.csv.gz,True,72729,447b4e9aace9c0c15508f692cfdd47f7aa1ee9a6,,cp_local_autosel_target_k240_m50_gamma0_alpha0p1,
davis,cold_drug,4,CAS-LCB,runs/2025-12-23_deepdta_points/deepdta_point_davis_cold_drug_seed4,runs/2025-12-23_deepdta_points/deepdta_point_davis_cold_drug_seed4/cp_local_constrained_lcb_target_aacomp_k240_m50_gamma0p05_alpha0p05/pred_intervals_test.csv.gz,True,82860,85bf57aba0eec99d91fd5bb6d5191ec86ed39d7c,cp_local_autosel_target_k240_m50_gamma0p05_alpha0p02,cp_local_constrained_lcb_target_aacomp_k240_m50_gamma0p05_alpha0p05,False
davis,cold_drug,4,CAS-LCB-Bonf,runs/2025-12-23_deepdta_points/deepdta_point_davis_cold_drug_seed4,runs/2025-12-23_deepdta_points/deepdta_point_davis_cold_drug_seed4/cp_constrained_bonf_C17_delta0p05/pred_intervals_test.csv.gz,True,82994,b1b7aedd7f5a34afc275e20231f1aab5529ceb3b,,cp_constrained_bonf_C17_delta0p05,
davis,cold_drug,4,TC-SC,runs/2025-12-23_deepdta_points/deepdta_point_davis_cold_drug_seed4,runs/2025-12-23_deepdta_points/deepdta_point_davis_cold_drug_seed4/pred_intervals_test_tc_sc.csv.gz,True,1112569,e96b05cbbf2a019995da0204bc1bea5f7dd5fbe2,,pred_intervals_test_tc_sc.csv.gz,
davis,cold_drug,4,WSC-B,runs/2025-12-23_deepdta_points/deepdta_point_davis_cold_drug_seed4,runs/2025-12-23_deepdta_points/deepdta_point_davis_cold_drug_seed4/pred_intervals_test_wsc_B.csv.gz,True,1112154,2629a8d374737dbcbfad17c4ba7d108a84aa81f2,,pred_intervals_test_wsc_B.csv.gz,
davis,cold_pair,0,Fixed,runs/2025-12-23_deepdta_points/deepdta_point_davis_cold_pair_seed0,runs/2025-12-23_deepdta_points/deepdta_point_davis_cold_pair_seed0/cp_local_target_tfidf_k60_m200_gamma0p0_alpha0p1/pred_intervals_test.csv.gz,True,78013,c1ece4b816099425a64752f955b5bb4a1be7cd40,,cp_local_target_tfidf_k60_m200_gamma0p0_alpha0p1,
davis,cold_pair,0,NaiveAutoSel,runs/2025-12-23_deepdta_points/deepdta_point_davis_cold_pair_seed0,runs/2025-12-23_deepdta_points/deepdta_point_davis_cold_pair_seed0/cp_local_autosel_target_k240_m50_gamma0_alpha0p1/pred_intervals_test.csv.gz,True,77901,e410deaf72980a5266cb1c453b61cc40a878fac6,,cp_local_autosel_target_k240_m50_gamma0_alpha0p1,
davis,cold_pair,0,CAS-LCB,runs/2025-12-23_deepdta_points/deepdta_point_davis_cold_pair_seed0,runs/2025-12-23_deepdta_points/deepdta_point_davis_cold_pair_seed0/cp_local_constrained_lcb_target_aacomp_k240_m50_gamma0_alpha0p05/pred_intervals_test.csv.gz,True,77720,76567b09bb77962fe4a621ff941b9f4db4ad3863,cp_local_autosel_target_k240_m50_gamma0_alpha0p05,cp_local_constrained_lcb_target_aacomp_k240_m50_gamma0_alpha0p05,False
davis,cold_pair,0,CAS-LCB-Bonf,runs/2025-12-23_deepdta_points/deepdta_point_davis_cold_pair_seed0,runs/2025-12-23_deepdta_points/deepdta_point_davis_cold_pair_seed0/cp_constrained_bonf_C17_delta0p05/pred_intervals_test.csv.gz,True,77720,d046603e1a3e77e485f2497840cd63adad6a4ed2,,cp_constrained_bonf_C17_delta0p05,
davis,cold_pair,0,TC-SC,runs/2025-12-23_deepdta_points/deepdta_point_davis_cold_pair_seed0,runs/2025-12-23_deepdta_points/deepdta_point_davis_cold_pair_seed0/pred_intervals_test_tc_sc.csv.gz,True,87557,374580a6801193af836bfde995347c05d8fb1c8b,,pred_intervals_test_tc_sc.csv.gz,
davis,cold_pair,0,WSC-B,runs/2025-12-23_deepdta_points/deepdta_point_davis_cold_pair_seed0,runs/2025-12-23_deepdta_points/deepdta_point_davis_cold_pair_seed0/pred_intervals_test_wsc_B.csv.gz,True,87622,60f3922f152ae3d95af69f3a059498d00f2a89e3,,pred_intervals_test_wsc_B.csv.gz,
davis,cold_pair,1,Fixed,runs/2025-12-23_deepdta_points/deepdta_point_davis_cold_pair_seed1,runs/2025-12-23_deepdta_points/deepdta_point_davis_cold_pair_seed1/cp_local_target_tfidf_k60_m200_gamma0p0_alpha0p1/pred_intervals_test.csv.gz,True,78533,ed95d7b836e1dd468b1bc737ab4ff7e7421fbe16,,cp_local_target_tfidf_k60_m200_gamma0p0_alpha0p1,
davis,cold_pair,1,NaiveAutoSel,runs/2025-12-23_deepdta_points/deepdta_point_davis_cold_pair_seed1,runs/2025-12-23_deepdta_points/deepdta_point_davis_cold_pair_seed1/cp_local_autosel_target_k240_m50_gamma0p05_alpha0p1/pred_intervals_test.csv.gz,True,86535,01caaaced375c0be11d741d212bf44723af55567,,cp_local_autosel_target_k240_m50_gamma0p05_alpha0p1,
davis,cold_pair,1,CAS-LCB,runs/2025-12-23_deepdta_points/deepdta_point_davis_cold_pair_seed1,runs/2025-12-23_deepdta_points/deepdta_point_davis_cold_pair_seed1/cp_local_constrained_lcb_target_aacomp_k240_m50_gamma0p05_alpha0p1/pred_intervals_test.csv.gz,True,86535,5ce50a6924190c9df07fc5491c858bbef4ba535a,cp_local_autosel_target_k240_m50_gamma0_alpha0p1,cp_local_constrained_lcb_target_aacomp_k240_m50_gamma0p05_alpha0p1,False
davis,cold_pair,1,CAS-LCB-Bonf,runs/2025-12-23_deepdta_points/deepdta_point_davis_cold_pair_seed1,runs/2025-12-23_deepdta_points/deepdta_point_davis_cold_pair_seed1/cp_constrained_bonf_C17_delta0p05/pred_intervals_test.csv.gz,True,86535,01caaaced375c0be11d741d212bf44723af55567,,cp_constrained_bonf_C17_delta0p05,
davis,cold_pair,1,TC-SC,runs/2025-12-23_deepdta_points/deepdta_point_davis_cold_pair_seed1,runs/2025-12-23_deepdta_points/deepdta_point_davis_cold_pair_seed1/pred_intervals_test_tc_sc.csv.gz,True,87734,d13851e91f1d081b2120273abbed92ca27b4cf38,,pred_intervals_test_tc_sc.csv.gz,
davis,cold_pair,1,WSC-B,runs/2025-12-23_deepdta_points/deepdta_point_davis_cold_pair_seed1,runs/2025-12-23_deepdta_points/deepdta_point_davis_cold_pair_seed1/pred_intervals_test_wsc_B.csv.gz,True,87782,8296a45f2cca0f452f21d540535f25c785164b65,,pred_intervals_test_wsc_B.csv.gz,
davis,cold_pair,2,Fixed,runs/2025-12-23_deepdta_points/deepdta_point_davis_cold_pair_seed2,runs/2025-12-23_deepdta_points/deepdta_point_davis_cold_pair_seed2/cp_local_target_tfidf_k60_m200_gamma0p0_alpha0p1/pred_intervals_test.csv.gz,True,78304,ad92db50426489846a631806b55602af288b2bb1,,cp_local_target_tfidf_k60_m200_gamma0p0_alpha0p1,
davis,cold_pair,2,NaiveAutoSel,runs/2025-12-23_deepdta_points/deepdta_point_davis_cold_pair_seed2,runs/2025-12-23_deepdta_points/deepdta_point_davis_cold_pair_seed2/cp_local_autosel_target_k120_m50_gamma0p05_alpha0p1/pred_intervals_test.csv.gz,True,86754,20b28ebb8f1b62ceaf8ceb951fed35ee7b30beaa,,cp_local_autosel_target_k120_m50_gamma0p05_alpha0p1,
davis,cold_pair,2,CAS-LCB,runs/2025-12-23_deepdta_points/deepdta_point_davis_cold_pair_seed2,runs/2025-12-23_deepdta_points/deepdta_point_davis_cold_pair_seed2/cp_local_constrained_lcb_target_aacomp_k120_m50_gamma0_alpha0p05/pred_intervals_test.csv.gz,True,78150,de5783773cd9d99329c0b486587423fd07727e0d,cp_local_autosel_target_k120_m50_gamma0p05_alpha0p1,cp_local_constrained_lcb_target_aacomp_k120_m50_gamma0_alpha0p05,False
davis,cold_pair,2,CAS-LCB-Bonf,runs/2025-12-23_deepdta_points/deepdta_point_davis_cold_pair_seed2,runs/2025-12-23_deepdta_points/deepdta_point_davis_cold_pair_seed2/cp_constrained_bonf_C17_delta0p05/pred_intervals_test.csv.gz,True,78150,7ed26fe4b6b3c54db48be2e25899e9f7b7ce05da,,cp_constrained_bonf_C17_delta0p05,
davis,cold_pair,2,TC-SC,runs/2025-12-23_deepdta_points/deepdta_point_davis_cold_pair_seed2,runs/2025-12-23_deepdta_points/deepdta_point_davis_cold_pair_seed2/pred_intervals_test_tc_sc.csv.gz,True,87937,8b24c49fe1dfc00b66f367c6cb38fe9fd00ff896,,pred_intervals_test_tc_sc.csv.gz,
davis,cold_pair,2,WSC-B,runs/2025-12-23_deepdta_points/deepdta_point_davis_cold_pair_seed2,runs/2025-12-23_deepdta_points/deepdta_point_davis_cold_pair_seed2/pred_intervals_test_wsc_B.csv.gz,True,87988,6a4fa9e1da967f34e063fb1963d299020e56f9b3,,pred_intervals_test_wsc_B.csv.gz,
davis,cold_pair,3,Fixed,runs/2025-12-23_deepdta_points/deepdta_point_davis_cold_pair_seed3,runs/2025-12-23_deepdta_points/deepdta_point_davis_cold_pair_seed3/cp_local_target_tfidf_k60_m200_gamma0p0_alpha0p1/pred_intervals_test.csv.gz,True,78439,62d275529a3c479e598ca68404be73f4ab8c0ea9,,cp_local_target_tfidf_k60_m200_gamma0p0_alpha0p1,
davis,cold_pair,3,NaiveAutoSel,runs/2025-12-23_deepdta_points/deepdta_point_davis_cold_pair_seed3,runs/2025-12-23_deepdta_points/deepdta_point_davis_cold_pair_seed3/cp_local_autosel_target_k240_m50_gamma0p1_alpha0p1/pred_intervals_test.csv.gz,True,86552,0939807aafb36288da892ba815206e5cf87274f0,,cp_local_autosel_target_k240_m50_gamma0p1_alpha0p1,
davis,cold_pair,3,CAS-LCB,runs/2025-12-23_deepdta_points/deepdta_point_davis_cold_pair_seed3,runs/2025-12-23_deepdta_points/deepdta_point_davis_cold_pair_seed3/cp_local_constrained_lcb_target_aacomp_k240_m50_gamma0_alpha0p05/pred_intervals_test.csv.gz,True,77264,e8d0c5eb06a834c9f7b336a0c0797c78b09af223,cp_local_autosel_target_k240_m50_gamma0p1_alpha0p1,cp_local_constrained_lcb_target_aacomp_k240_m50_gamma0_alpha0p05,False
davis,cold_pair,3,CAS-LCB-Bonf,runs/2025-12-23_deepdta_points/deepdta_point_davis_cold_pair_seed3,runs/2025-12-23_deepdta_points/deepdta_point_davis_cold_pair_seed3/cp_constrained_bonf_C17_delta0p05/pred_intervals_test.csv.gz,True,86552,0939807aafb36288da892ba815206e5cf87274f0,,cp_constrained_bonf_C17_delta0p05,
davis,cold_pair,3,TC-SC,runs/2025-12-23_deepdta_points/deepdta_point_davis_cold_pair_seed3,runs/2025-12-23_deepdta_points/deepdta_point_davis_cold_pair_seed3/pred_intervals_test_tc_sc.csv.gz,True,87832,d74f5334c90472609ba01ee54cbe7e8bcbea21fc,,pred_intervals_test_tc_sc.csv.gz,
davis,cold_pair,3,WSC-B,runs/2025-12-23_deepdta_points/deepdta_point_davis_cold_pair_seed3,runs/2025-12-23_deepdta_points/deepdta_point_davis_cold_pair_seed3/pred_intervals_test_wsc_B.csv.gz,True,87878,bf47b95f6239bb95f70d8d2edbdb83ebacc9fec5,,pred_intervals_test_wsc_B.csv.gz,
davis,cold_pair,4,Fixed,runs/2025-12-23_deepdta_points/deepdta_point_davis_cold_pair_seed4,runs/2025-12-23_deepdta_points/deepdta_point_davis_cold_pair_seed4/cp_local_target_tfidf_k60_m200_gamma0p0_alpha0p1/pred_intervals_test.csv.gz,True,78341,94da6ed2b34e6133e11cb057b820ae3ef72051e9,,cp_local_target_tfidf_k60_m200_gamma0p0_alpha0p1,
davis,cold_pair,4,NaiveAutoSel,runs/2025-12-23_deepdta_points/deepdta_point_davis_cold_pair_seed4,runs/2025-12-23_deepdta_points/deepdta_point_davis_cold_pair_seed4/cp_local_autosel_target_k240_m50_gamma0p05_alpha0p1/pred_intervals_test.csv.gz,True,86853,e31c844f88023a45f5adb6ca8d0b1fa1a158f02f,,cp_local_autosel_target_k240_m50_gamma0p05_alpha0p1,
davis,cold_pair,4,CAS-LCB,runs/2025-12-23_deepdta_points/deepdta_point_davis_cold_pair_seed4,runs/2025-12-23_deepdta_points/deepdta_point_davis_cold_pair_seed4/cp_local_constrained_lcb_target_aacomp_k240_m50_gamma0p05_alpha0p1/pred_intervals_test.csv.gz,True,86853,6c58a45f1b658c41f56b946ac5f7e0a054528d41,cp_local_autosel_target_k240_m50_gamma0p05_alpha0p1,cp_local_constrained_lcb_target_aacomp_k240_m50_gamma0p05_alpha0p1,False
davis,cold_pair,4,CAS-LCB-Bonf,runs/2025-12-23_deepdta_points/deepdta_point_davis_cold_pair_seed4,runs/2025-12-23_deepdta_points/deepdta_point_davis_cold_pair_seed4/cp_constrained_bonf_C17_delta0p05/pred_intervals_test.csv.gz,True,77181,cae091cf30bd0e2b75f67398ff8e23e3596cba02,,cp_constrained_bonf_C17_delta0p05,
davis,cold_pair,4,TC-SC,runs/2025-12-23_deepdta_points/deepdta_point_davis_cold_pair_seed4,runs/2025-12-23_deepdta_points/deepdta_point_davis_cold_pair_seed4/pred_intervals_test_tc_sc.csv.gz,True,88008,e3fe4279cf444c0a8c28bb60c34240491adb0994,,pred_intervals_test_tc_sc.csv.gz,
davis,cold_pair,4,WSC-B,runs/2025-12-23_deepdta_points/deepdta_point_davis_cold_pair_seed4,runs/2025-12-23_deepdta_points/deepdta_point_davis_cold_pair_seed4/pred_intervals_test_wsc_B.csv.gz,True,88082,d2a664531c39db59d3497ede46ddd601d335bae2,,pred_intervals_test_wsc_B.csv.gz,
davis,cold_target,0,Fixed,runs/2025-12-23_deepdta_points/deepdta_point_davis_cold_target_seed0,runs/2025-12-23_deepdta_points/deepdta_point_davis_cold_target_seed0/cp_local_target_tfidf_k60_m200_gamma0p0_alpha0p1/pred_intervals_test.csv.gz,True,77333,3bc296ec2b44186da01a26215c14564084eda61f,,cp_local_target_tfidf_k60_m200_gamma0p0_alpha0p1,
davis,cold_target,0,NaiveAutoSel,runs/2025-12-23_deepdta_points/deepdta_point_davis_cold_target_seed0,runs/2025-12-23_deepdta_points/deepdta_point_davis_cold_target_seed0/cp_local_autosel_target_k240_m50_gamma0p1_alpha0p1/pred_intervals_test.csv.gz,True,80602,a343771f63794915fd538e57b0332e36a05c88ae,,cp_local_autosel_target_k240_m50_gamma0p1_alpha0p1,
davis,cold_target,0,CAS-LCB,runs/2025-12-23_deepdta_points/deepdta_point_davis_cold_target_seed0,runs/2025-12-23_deepdta_points/deepdta_point_davis_cold_target_seed0/cp_local_constrained_lcb_target_aacomp_k240_m50_gamma0_alpha0p05/pred_intervals_test.csv.gz,True,76871,67e99f1508c66625d775334c2a6edb9796d64e05,cp_local_autosel_target_k240_m50_gamma0_alpha0p05,cp_local_constrained_lcb_target_aacomp_k240_m50_gamma0_alpha0p05,False
davis,cold_target,0,CAS-LCB-Bonf,runs/2025-12-23_deepdta_points/deepdta_point_davis_cold_target_seed0,runs/2025-12-23_deepdta_points/deepdta_point_davis_cold_target_seed0/cp_constrained_bonf_C17_delta0p05/pred_intervals_test.csv.gz,True,76871,400867a8b6e05618eb42b286dfcc94fdcdd96c7e,,cp_constrained_bonf_C17_delta0p05,
davis,cold_target,0,TC-SC,runs/2025-12-23_deepdta_points/deepdta_point_davis_cold_target_seed0,runs/2025-12-23_deepdta_points/deepdta_point_davis_cold_target_seed0/pred_intervals_test_tc_sc.csv.gz,True,779287,db69a08efee67dca1a89988575af51012a5d2940,,pred_intervals_test_tc_sc.csv.gz,
davis,cold_target,0,WSC-B,runs/2025-12-23_deepdta_points/deepdta_point_davis_cold_target_seed0,runs/2025-12-23_deepdta_points/deepdta_point_davis_cold_target_seed0/pred_intervals_test_wsc_B.csv.gz,True,779339,bdcadcd722925ff5e4ed134e655ad1bb47dc33b8,,pred_intervals_test_wsc_B.csv.gz,
davis,cold_target,1,Fixed,runs/2025-12-23_deepdta_points/deepdta_point_davis_cold_target_seed1,runs/2025-12-23_deepdta_points/deepdta_point_davis_cold_target_seed1/cp_local_target_tfidf_k60_m200_gamma0p0_alpha0p1/pred_intervals_test.csv.gz,True,76230,dc71b31b36082eb4f518fb3ada804ddaf5a547db,,cp_local_target_tfidf_k60_m200_gamma0p0_alpha0p1,
davis,cold_target,1,NaiveAutoSel,runs/2025-12-23_deepdta_points/deepdta_point_davis_cold_target_seed1,runs/2025-12-23_deepdta_points/deepdta_point_davis_cold_target_seed1/cp_local_autosel_target_k240_m50_gamma0_alpha0p1/pred_intervals_test.csv.gz,True,75920,cf9c5b9081fb1f8d38f8166b6ebb872a4ee84fab,,cp_local_autosel_target_k240_m50_gamma0_alpha0p1,
davis,cold_target,1,CAS-LCB,runs/2025-12-23_deepdta_points/deepdta_point_davis_cold_target_seed1,runs/2025-12-23_deepdta_points/deepdta_point_davis_cold_target_seed1/cp_local_constrained_lcb_target_aacomp_k60_m50_gamma0p05_alpha0p05/pred_intervals_test.csv.gz,True,81084,0b0e192df7d439f82339cf202b79eafdf7c2d5b7,cp_local_autosel_target_k60_m50_gamma0p05_alpha0p05,cp_local_constrained_lcb_target_aacomp_k60_m50_gamma0p05_alpha0p05,False
davis,cold_target,1,CAS-LCB-Bonf,runs/2025-12-23_deepdta_points/deepdta_point_davis_cold_target_seed1,runs/2025-12-23_deepdta_points/deepdta_point_davis_cold_target_seed1/cp_constrained_bonf_C17_delta0p05/pred_intervals_test.csv.gz,True,81084,72a50b6d5c032f9784c62fc45e138476a6e76b87,,cp_constrained_bonf_C17_delta0p05,
davis,cold_target,1,TC-SC,runs/2025-12-23_deepdta_points/deepdta_point_davis_cold_target_seed1,runs/2025-12-23_deepdta_points/deepdta_point_davis_cold_target_seed1/pred_intervals_test_tc_sc.csv.gz,True,780799,ded02a9622b49ca24567e7f0eee29453647413be,,pred_intervals_test_tc_sc.csv.gz,
davis,cold_target,1,WSC-B,runs/2025-12-23_deepdta_points/deepdta_point_davis_cold_target_seed1,runs/2025-12-23_deepdta_points/deepdta_point_davis_cold_target_seed1/pred_intervals_test_wsc_B.csv.gz,True,779743,cff0ebc7b12bc1e083a9b30d9193af6ff869e6a5,,pred_intervals_test_wsc_B.csv.gz,
davis,cold_target,2,Fixed,runs/2025-12-23_deepdta_points/deepdta_point_davis_cold_target_seed2,runs/2025-12-23_deepdta_points/deepdta_point_davis_cold_target_seed2/cp_local_target_tfidf_k60_m200_gamma0p0_alpha0p1/pred_intervals_test.csv.gz,True,77571,9d9def22a5f55cbbb470e48271c07b383f2ec8f1,,cp_local_target_tfidf_k60_m200_gamma0p0_alpha0p1,
davis,cold_target,2,NaiveAutoSel,runs/2025-12-23_deepdta_points/deepdta_point_davis_cold_target_seed2,runs/2025-12-23_deepdta_points/deepdta_point_davis_cold_target_seed2/cp_local_autosel_target_k120_m50_gamma0p05_alpha0p1/pred_intervals_test.csv.gz,True,80828,5b3531026dfd0931e1b2109f476ef8367b9080c4,,cp_local_autosel_target_k120_m50_gamma0p05_alpha0p1,
davis,cold_target,2,CAS-LCB,runs/2025-12-23_deepdta_points/deepdta_point_davis_cold_target_seed2,runs/2025-12-23_deepdta_points/deepdta_point_davis_cold_target_seed2/cp_local_constrained_lcb_target_aacomp_k240_m50_gamma0_alpha0p05/pred_intervals_test.csv.gz,True,77241,e6cf25c2076c2b0485b4f281fcd5585ab0f9bf53,cp_local_autosel_target_k240_m50_gamma0_alpha0p05,cp_local_constrained_lcb_target_aacomp_k240_m50_gamma0_alpha0p05,False
davis,cold_target,2,CAS-LCB-Bonf,runs/2025-12-23_deepdta_points/deepdta_point_davis_cold_target_seed2,runs/2025-12-23_deepdta_points/deepdta_point_davis_cold_target_seed2/cp_constrained_bonf_C17_delta0p05/pred_intervals_test.csv.gz,True,77241,1949418167d9a614400a5a6898e28f782233f4ce,,cp_constrained_bonf_C17_delta0p05,
davis,cold_target,2,TC-SC,runs/2025-12-23_deepdta_points/deepdta_point_davis_cold_target_seed2,runs/2025-12-23_deepdta_points/deepdta_point_davis_cold_target_seed2/pred_intervals_test_tc_sc.csv.gz,True,780649,a0668a08d26891d8efa9875f1f0c3679c57fe3eb,,pred_intervals_test_tc_sc.csv.gz,
davis,cold_target,2,WSC-B,runs/2025-12-23_deepdta_points/deepdta_point_davis_cold_target_seed2,runs/2025-12-23_deepdta_points/deepdta_point_davis_cold_target_seed2/pred_intervals_test_wsc_B.csv.gz,True,779664,73daec3809de4c8e9b47f6c456af0a588ebfab60,,pred_intervals_test_wsc_B.csv.gz,
davis,cold_target,3,Fixed,runs/2025-12-23_deepdta_points/deepdta_point_davis_cold_target_seed3,runs/2025-12-23_deepdta_points/deepdta_point_davis_cold_target_seed3/cp_local_target_tfidf_k60_m200_gamma0p0_alpha0p1/pred_intervals_test.csv.gz,True,77548,b0727a984c40766b98f7d1d62932adc919fec2c1,,cp_local_target_tfidf_k60_m200_gamma0p0_alpha0p1,
davis,cold_target,3,NaiveAutoSel,runs/2025-12-23_deepdta_points/deepdta_point_davis_cold_target_seed3,runs/2025-12-23_deepdta_points/deepdta_point_davis_cold_target_seed3/cp_local_autosel_target_k240_m50_gamma0_alpha0p1/pred_intervals_test.csv.gz,True,76854,edb9a767f5bd7bddcaf036074506645452e794c3,,cp_local_autosel_target_k240_m50_gamma0_alpha0p1,
davis,cold_target,3,CAS-LCB,runs/2025-12-23_deepdta_points/deepdta_point_davis_cold_target_seed3,runs/2025-12-23_deepdta_points/deepdta_point_davis_cold_target_seed3/cp_local_constrained_lcb_target_aacomp_k120_m50_gamma0_alpha0p05/pred_intervals_test.csv.gz,True,77465,abd2f2014157c6e276faefb585880bf08d42c018,cp_local_autosel_target_k120_m50_gamma0_alpha0p05,cp_local_constrained_lcb_target_aacomp_k120_m50_gamma0_alpha0p05,False
davis,cold_target,3,CAS-LCB-Bonf,runs/2025-12-23_deepdta_points/deepdta_point_davis_cold_target_seed3,runs/2025-12-23_deepdta_points/deepdta_point_davis_cold_target_seed3/cp_constrained_bonf_C17_delta0p05/pred_intervals_test.csv.gz,True,77465,c77939b26e5b02fed9ea8f63baafd071b8fa1218,,cp_constrained_bonf_C17_delta0p05,
davis,cold_target,3,TC-SC,runs/2025-12-23_deepdta_points/deepdta_point_davis_cold_target_seed3,runs/2025-12-23_deepdta_points/deepdta_point_davis_cold_target_seed3/pred_intervals_test_tc_sc.csv.gz,True,779416,fab6d71788ca763af9175c27deff5854e73bd3f4,,pred_intervals_test_tc_sc.csv.gz,
davis,cold_target,3,WSC-B,runs/2025-12-23_deepdta_points/deepdta_point_davis_cold_target_seed3,runs/2025-12-23_deepdta_points/deepdta_point_davis_cold_target_seed3/pred_intervals_test_wsc_B.csv.gz,True,779530,f6006b3f4fe23bec0decd58fecc33ea2417352cd,,pred_intervals_test_wsc_B.csv.gz,
davis,cold_target,4,Fixed,runs/2025-12-23_deepdta_points/deepdta_point_davis_cold_target_seed4,runs/2025-12-23_deepdta_points/deepdta_point_davis_cold_target_seed4/cp_local_target_tfidf_k60_m200_gamma0p0_alpha0p1/pred_intervals_test.csv.gz,True,77734,01b83bf68a66ae695df87d975c8813107669c85b,,cp_local_target_tfidf_k60_m200_gamma0p0_alpha0p1,
davis,cold_target,4,NaiveAutoSel,runs/2025-12-23_deepdta_points/deepdta_point_davis_cold_target_seed4,runs/2025-12-23_deepdta_points/deepdta_point_davis_cold_target_seed4/cp_local_autosel_target_k240_m50_gamma0_alpha0p1/pred_intervals_test.csv.gz,True,77337,cbd4bb1fb1034264ee0363c6798fb4e16db15430,,cp_local_autosel_target_k240_m50_gamma0_alpha0p1,
davis,cold_target,4,CAS-LCB,runs/2025-12-23_deepdta_points/deepdta_point_davis_cold_target_seed4,runs/2025-12-23_deepdta_points/deepdta_point_davis_cold_target_seed4/cp_local_constrained_lcb_target_aacomp_k240_m50_gamma0p05_alpha0p05/pred_intervals_test.csv.gz,True,81472,3d9e7aeaf877419122a7a80f5746667e747cfbc6,cp_local_autosel_target_k240_m50_gamma0p05_alpha0p05,cp_local_constrained_lcb_target_aacomp_k240_m50_gamma0p05_alpha0p05,False
davis,cold_target,4,CAS-LCB-Bonf,runs/2025-12-23_deepdta_points/deepdta_point_davis_cold_target_seed4,runs/2025-12-23_deepdta_points/deepdta_point_davis_cold_target_seed4/cp_constrained_bonf_C17_delta0p05/pred_intervals_test.csv.gz,True,81472,7c3103d80c9101040941e8c0f04a7ebd02498476,,cp_constrained_bonf_C17_delta0p05,
davis,cold_target,4,TC-SC,runs/2025-12-23_deepdta_points/deepdta_point_davis_cold_target_seed4,runs/2025-12-23_deepdta_points/deepdta_point_davis_cold_target_seed4/pred_intervals_test_tc_sc.csv.gz,True,781025,724d49de9f620d793297d83a8c6a63f2a510e85d,,pred_intervals_test_tc_sc.csv.gz,
davis,cold_target,4,WSC-B,runs/2025-12-23_deepdta_points/deepdta_point_davis_cold_target_seed4,runs/2025-12-23_deepdta_points/deepdta_point_davis_cold_target_seed4/pred_intervals_test_wsc_B.csv.gz,True,781161,a82bba40ec7e625cc4b08dd987f4cd76f4b3d73f,,pred_intervals_test_wsc_B.csv.gz,
davis,random,0,Fixed,runs/2025-12-23_deepdta_points/deepdta_point_davis_random_seed0,runs/2025-12-23_deepdta_points/deepdta_point_davis_random_seed0/cp_local_target_tfidf_k60_m200_gamma0p0_alpha0p1/pred_intervals_test.csv.gz,True,78199,8685433d24a7c24fba2b634014db092c4ba50f99,,cp_local_target_tfidf_k60_m200_gamma0p0_alpha0p1,
davis,random,0,NaiveAutoSel,runs/2025-12-23_deepdta_points/deepdta_point_davis_random_seed0,runs/2025-12-23_deepdta_points/deepdta_point_davis_random_seed0/cp_local_autosel_target_k240_m50_gamma0_alpha0p1/pred_intervals_test.csv.gz,True,77708,4fe0a13c888a68ab2844516ef0f2f37ab09edbe5,,cp_local_autosel_target_k240_m50_gamma0_alpha0p1,
davis,random,0,CAS-LCB,runs/2025-12-23_deepdta_points/deepdta_point_davis_random_seed0,runs/2025-12-23_deepdta_points/deepdta_point_davis_random_seed0/cp_local_constrained_lcb_target_aacomp_k240_m50_gamma0_alpha0p05/pred_intervals_test.csv.gz,True,77212,c3f32c0b657196176f7ee595d09101eae48a9339,cp_local_autosel_target_k240_m50_gamma0_alpha0p1,cp_local_constrained_lcb_target_aacomp_k240_m50_gamma0_alpha0p05,False
davis,random,0,CAS-LCB-Bonf,runs/2025-12-23_deepdta_points/deepdta_point_davis_random_seed0,runs/2025-12-23_deepdta_points/deepdta_point_davis_random_seed0/cp_constrained_bonf_C17_delta0p05/pred_intervals_test.csv.gz,True,77708,4fe0a13c888a68ab2844516ef0f2f37ab09edbe5,,cp_constrained_bonf_C17_delta0p05,
davis,random,0,TC-SC,runs/2025-12-23_deepdta_points/deepdta_point_davis_random_seed0,runs/2025-12-23_deepdta_points/deepdta_point_davis_random_seed0/pred_intervals_test_tc_sc.csv.gz,True,1091467,12bfa2b4ab6342b22a647336ca190f6883aca71f,,pred_intervals_test_tc_sc.csv.gz,
davis,random,0,WSC-B,runs/2025-12-23_deepdta_points/deepdta_point_davis_random_seed0,runs/2025-12-23_deepdta_points/deepdta_point_davis_random_seed0/pred_intervals_test_wsc_B.csv.gz,True,1091577,857206c8155b00b3ed779e27481e098d3294a0a3,,pred_intervals_test_wsc_B.csv.gz,
davis,random,1,Fixed,runs/2025-12-23_deepdta_points/deepdta_point_davis_random_seed1,runs/2025-12-23_deepdta_points/deepdta_point_davis_random_seed1/cp_local_target_tfidf_k60_m200_gamma0p0_alpha0p1/pred_intervals_test.csv.gz,True,78517,b6835cc5e6a04336f0624aaa992aec3c9796a70c,,cp_local_target_tfidf_k60_m200_gamma0p0_alpha0p1,
davis,random,1,NaiveAutoSel,runs/2025-12-23_deepdta_points/deepdta_point_davis_random_seed1,runs/2025-12-23_deepdta_points/deepdta_point_davis_random_seed1/cp_local_autosel_target_k240_m50_gamma0p05_alpha0p1/pred_intervals_test.csv.gz,True,86349,d488f8c7dc3eec21f75c2e014ec532ac74ce391a,,cp_local_autosel_target_k240_m50_gamma0p05_alpha0p1,
davis,random,1,CAS-LCB,runs/2025-12-23_deepdta_points/deepdta_point_davis_random_seed1,runs/2025-12-23_deepdta_points/deepdta_point_davis_random_seed1/cp_local_constrained_lcb_target_aacomp_k240_m50_gamma0p05_alpha0p1/pred_intervals_test.csv.gz,True,86349,5c5ab8d0d08ea84fc913c2fb0323cfc8f20f7d7c,cp_local_autosel_target_k240_m50_gamma0_alpha0p1,cp_local_constrained_lcb_target_aacomp_k240_m50_gamma0p05_alpha0p1,False
davis,random,1,CAS-LCB-Bonf,runs/2025-12-23_deepdta_points/deepdta_point_davis_random_seed1,runs/2025-12-23_deepdta_points/deepdta_point_davis_random_seed1/cp_constrained_bonf_C17_delta0p05/pred_intervals_test.csv.gz,True,86349,d488f8c7dc3eec21f75c2e014ec532ac74ce391a,,cp_constrained_bonf_C17_delta0p05,
davis,random,1,TC-SC,runs/2025-12-23_deepdta_points/deepdta_point_davis_random_seed1,runs/2025-12-23_deepdta_points/deepdta_point_davis_random_seed1/pred_intervals_test_tc_sc.csv.gz,True,1091019,5d266b91c50a8b2cf7e43ab6a8dd8871f791c91b,,pred_intervals_test_tc_sc.csv.gz,
davis,random,1,WSC-B,runs/2025-12-23_deepdta_points/deepdta_point_davis_random_seed1,runs/2025-12-23_deepdta_points/deepdta_point_davis_random_seed1/pred_intervals_test_wsc_B.csv.gz,True,1091256,ef5a37ca5ce8de2551c97933d42f139daf69b645,,pred_intervals_test_wsc_B.csv.gz,
davis,random,2,Fixed,runs/2025-12-23_deepdta_points/deepdta_point_davis_random_seed2,runs/2025-12-23_deepdta_points/deepdta_point_davis_random_seed2/cp_local_target_tfidf_k60_m200_gamma0p0_alpha0p1/pred_intervals_test.csv.gz,True,78065,fe34b80a1e815de72c0dd45f12e7806514301778,,cp_local_target_tfidf_k60_m200_gamma0p0_alpha0p1,
davis,random,2,NaiveAutoSel,runs/2025-12-23_deepdta_points/deepdta_point_davis_random_seed2,runs/2025-12-23_deepdta_points/deepdta_point_davis_random_seed2/cp_local_autosel_target_k120_m50_gamma0p05_alpha0p1/pred_intervals_test.csv.gz,True,86556,dd1f65d6efb17bd3f3e9118a06970aa6619eae2b,,cp_local_autosel_target_k120_m50_gamma0p05_alpha0p1,
davis,random,2,CAS-LCB,runs/2025-12-23_deepdta_points/deepdta_point_davis_random_seed2,runs/2025-12-23_deepdta_points/deepdta_point_davis_random_seed2/cp_local_constrained_lcb_target_aacomp_k120_m50_gamma0_alpha0p05/pred_intervals_test.csv.gz,True,77881,5b7869b14bd2dc02d9a8ef0c3e9386871bae005d,cp_local_autosel_target_k120_m50_gamma0p05_alpha0p1,cp_local_constrained_lcb_target_aacomp_k120_m50_gamma0_alpha0p05,False
davis,random,2,CAS-LCB-Bonf,runs/2025-12-23_deepdta_points/deepdta_point_davis_random_seed2,runs/2025-12-23_deepdta_points/deepdta_point_davis_random_seed2/cp_constrained_bonf_C17_delta0p05/pred_intervals_test.csv.gz,True,86556,dd1f65d6efb17bd3f3e9118a06970aa6619eae2b,,cp_constrained_bonf_C17_delta0p05,
davis,random,2,TC-SC,runs/2025-12-23_deepdta_points/deepdta_point_davis_random_seed2,runs/2025-12-23_deepdta_points/deepdta_point_davis_random_seed2/pred_intervals_test_tc_sc.csv.gz,True,1092223,4e2ed8cc39c4351b1d15b87eee81cb0b8448f4e0,,pred_intervals_test_tc_sc.csv.gz,
davis,random,2,WSC-B,runs/2025-12-23_deepdta_points/deepdta_point_davis_random_seed2,runs/2025-12-23_deepdta_points/deepdta_point_davis_random_seed2/pred_intervals_test_wsc_B.csv.gz,True,1091699,14710d803266f03122200a1a5e14f947b008a359,,pred_intervals_test_wsc_B.csv.gz,
davis,random,3,Fixed,runs/2025-12-23_deepdta_points/deepdta_point_davis_random_seed3,runs/2025-12-23_deepdta_points/deepdta_point_davis_random_seed3/cp_local_target_tfidf_k60_m200_gamma0p0_alpha0p1/pred_intervals_test.csv.gz,True,78194,535aa1c9f46958ee8332ef3baa564c6abff4154e,,cp_local_target_tfidf_k60_m200_gamma0p0_alpha0p1,
davis,random,3,NaiveAutoSel,runs/2025-12-23_deepdta_points/deepdta_point_davis_random_seed3,runs/2025-12-23_deepdta_points/deepdta_point_davis_random_seed3/cp_local_autosel_target_k240_m50_gamma0p1_alpha0p1/pred_intervals_test.csv.gz,True,86544,247c19fcc3dff220b6f8e690706bcba7eedd3006,,cp_local_autosel_target_k240_m50_gamma0p1_alpha0p1,
davis,random,3,CAS-LCB,runs/2025-12-23_deepdta_points/deepdta_point_davis_random_seed3,runs/2025-12-23_deepdta_points/deepdta_point_davis_random_seed3/cp_local_constrained_lcb_target_aacomp_k240_m50_gamma0_alpha0p05/pred_intervals_test.csv.gz,True,77191,a75bc813ed7a3371dc8352198fd1231f4543b652,cp_local_autosel_target_k240_m50_gamma0p1_alpha0p1,cp_local_constrained_lcb_target_aacomp_k240_m50_gamma0_alpha0p05,False
davis,random,3,CAS-LCB-Bonf,runs/2025-12-23_deepdta_points/deepdta_point_davis_random_seed3,runs/2025-12-23_deepdta_points/deepdta_point_davis_random_seed3/cp_constrained_bonf_C17_delta0p05/pred_intervals_test.csv.gz,True,77191,c7d0bc3c16fc42f150e5eaaf786f92a6aa0909af,,cp_constrained_bonf_C17_delta0p05,
davis,random,3,TC-SC,runs/2025-12-23_deepdta_points/deepdta_point_davis_random_seed3,runs/2025-12-23_deepdta_points/deepdta_point_davis_random_seed3/pred_intervals_test_tc_sc.csv.gz,True,1091807,18a59a98f818b39218df5ef59a796610b89f9d5d,,pred_intervals_test_tc_sc.csv.gz,
davis,random,3,WSC-B,runs/2025-12-23_deepdta_points/deepdta_point_davis_random_seed3,runs/2025-12-23_deepdta_points/deepdta_point_davis_random_seed3/pred_intervals_test_wsc_B.csv.gz,True,1090625,48beedd64bf8bc144623daeefaf9fe077a75b7e3,,pred_intervals_test_wsc_B.csv.gz,
davis,random,4,Fixed,runs/2025-12-23_deepdta_points/deepdta_point_davis_random_seed4,runs/2025-12-23_deepdta_points/deepdta_point_davis_random_seed4/cp_local_target_tfidf_k60_m200_gamma0p0_alpha0p1/pred_intervals_test.csv.gz,True,77778,179cadd918c81e1a4984d3efaefedee1cc18bf7f,,cp_local_target_tfidf_k60_m200_gamma0p0_alpha0p1,
davis,random,4,NaiveAutoSel,runs/2025-12-23_deepdta_points/deepdta_point_davis_random_seed4,runs/2025-12-23_deepdta_points/deepdta_point_davis_random_seed4/cp_local_autosel_target_k240_m50_gamma0p05_alpha0p1/pred_intervals_test.csv.gz,True,86532,be525089de42d7907726ca11e225e07b036b89ef,,cp_local_autosel_target_k240_m50_gamma0p05_alpha0p1,
davis,random,4,CAS-LCB,runs/2025-12-23_deepdta_points/deepdta_point_davis_random_seed4,runs/2025-12-23_deepdta_points/deepdta_point_davis_random_seed4/cp_local_constrained_lcb_target_aacomp_k240_m50_gamma0p05_alpha0p1/pred_intervals_test.csv.gz,True,86532,97cb3558f999c2e8453277c9ea28522799d1613e,cp_local_autosel_target_k240_m50_gamma0p05_alpha0p1,cp_local_constrained_lcb_target_aacomp_k240_m50_gamma0p05_alpha0p1,False
davis,random,4,CAS-LCB-Bonf,runs/2025-12-23_deepdta_points/deepdta_point_davis_random_seed4,runs/2025-12-23_deepdta_points/deepdta_point_davis_random_seed4/cp_constrained_bonf_C17_delta0p05/pred_intervals_test.csv.gz,True,76937,0f7c4f1cab356995a2636afbfa6aa01309aa5111,,cp_constrained_bonf_C17_delta0p05,
davis,random,4,TC-SC,runs/2025-12-23_deepdta_points/deepdta_point_davis_random_seed4,runs/2025-12-23_deepdta_points/deepdta_point_davis_random_seed4/pred_intervals_test_tc_sc.csv.gz,True,1091466,da216b043d70071fdb4ed7e78dad820c2b8ec7ea,,pred_intervals_test_tc_sc.csv.gz,
davis,random,4,WSC-B,runs/2025-12-23_deepdta_points/deepdta_point_davis_random_seed4,runs/2025-12-23_deepdta_points/deepdta_point_davis_random_seed4/pred_intervals_test_wsc_B.csv.gz,True,1091756,3c22c4cb0e9306c604b0c1144ffa2a517fc714e2,,pred_intervals_test_wsc_B.csv.gz,
kiba,cold_drug,0,Fixed,runs/2025-12-23_deepdta_points/deepdta_point_kiba_cold_drug_seed0,runs/2025-12-23_deepdta_points/deepdta_point_kiba_cold_drug_seed0/cp_local_target_tfidf_k60_m200_gamma0p0_alpha0p1/pred_intervals_test.csv.gz,True,311894,48328be982cc1c47d2948e4760d1134ec117b873,,cp_local_target_tfidf_k60_m200_gamma0p0_alpha0p1,
kiba,cold_drug,0,NaiveAutoSel,runs/2025-12-23_deepdta_points/deepdta_point_kiba_cold_drug_seed0,runs/2025-12-23_deepdta_points/deepdta_point_kiba_cold_drug_seed0/cp_local_autosel_target_k60_m50_gamma0_alpha0p1/pred_intervals_test.csv.gz,True,311695,89e6cfaa835b7f5ed71c652a099dd16dbf2ec137,,cp_local_autosel_target_k60_m50_gamma0_alpha0p1,
kiba,cold_drug,0,CAS-LCB,runs/2025-12-23_deepdta_points/deepdta_point_kiba_cold_drug_seed0,runs/2025-12-23_deepdta_points/deepdta_point_kiba_cold_drug_seed0/cp_local_constrained_lcb_target_aacomp_k60_m50_gamma0_alpha0p02/pred_intervals_test.csv.gz,True,309668,f0340953ed41cd29d8437f5fff57910faa27e1ac,cp_local_autosel_target_k60_m50_gamma0_alpha0p02,cp_local_constrained_lcb_target_aacomp_k60_m50_gamma0_alpha0p02,False
kiba,cold_drug,0,CAS-LCB-Bonf,runs/2025-12-23_deepdta_points/deepdta_point_kiba_cold_drug_seed0,runs/2025-12-23_deepdta_points/deepdta_point_kiba_cold_drug_seed0/cp_constrained_bonf_C17_delta0p05/pred_intervals_test.csv.gz,True,309668,f7fd4f13236adb795ab169a038aeac0b9116f03c,,cp_constrained_bonf_C17_delta0p05,
kiba,cold_drug,0,TC-SC,runs/2025-12-23_deepdta_points/deepdta_point_kiba_cold_drug_seed0,runs/2025-12-23_deepdta_points/deepdta_point_kiba_cold_drug_seed0/pred_intervals_test_tc_sc.csv.gz,True,3909705,90cb388c84527c41c58dd43286ffa04e4e7f1ac1,,pred_intervals_test_tc_sc.csv.gz,
kiba,cold_drug,0,WSC-B,runs/2025-12-23_deepdta_points/deepdta_point_kiba_cold_drug_seed0,runs/2025-12-23_deepdta_points/deepdta_point_kiba_cold_drug_seed0/pred_intervals_test_wsc_B.csv.gz,True,3907850,2cb46a47594e844d340802eae3e5131dae10d79f,,pred_intervals_test_wsc_B.csv.gz,
kiba,cold_drug,1,Fixed,runs/2025-12-23_deepdta_points/deepdta_point_kiba_cold_drug_seed1,runs/2025-12-23_deepdta_points/deepdta_point_kiba_cold_drug_seed1/cp_local_target_tfidf_k60_m200_gamma0p0_alpha0p1/pred_intervals_test.csv.gz,True,311658,1733da46c5caaf4438939a03b25c8f1b86e80b4a,,cp_local_target_tfidf_k60_m200_gamma0p0_alpha0p1,
kiba,cold_drug,1,NaiveAutoSel,runs/2025-12-23_deepdta_points/deepdta_point_kiba_cold_drug_seed1,runs/2025-12-23_deepdta_points/deepdta_point_kiba_cold_drug_seed1/cp_local_autosel_target_k60_m50_gamma0_alpha0p1/pred_intervals_test.csv.gz,True,312249,10916961f9ade946f2fddeb7aa3ef535e4cc3673,,cp_local_autosel_target_k60_m50_gamma0_alpha0p1,
kiba,cold_drug,1,CAS-LCB,runs/2025-12-23_deepdta_points/deepdta_point_kiba_cold_drug_seed1,runs/2025-12-23_deepdta_points/deepdta_point_kiba_cold_drug_seed1/cp_local_constrained_lcb_target_aacomp_k240_m50_gamma0_alpha0p02/pred_intervals_test.csv.gz,True,292910,f944933759e6eaffef49043ce0b70235e4a2ab28,cp_local_autosel_target_k240_m50_gamma0_alpha0p02,cp_local_constrained_lcb_target_aacomp_k240_m50_gamma0_alpha0p02,False
kiba,cold_drug,1,CAS-LCB-Bonf,runs/2025-12-23_deepdta_points/deepdta_point_kiba_cold_drug_seed1,runs/2025-12-23_deepdta_points/deepdta_point_kiba_cold_drug_seed1/cp_constrained_bonf_C17_delta0p05/pred_intervals_test.csv.gz,True,292910,5f52e78279b3efbf8aa71dd973af10ee64b1d001,,cp_constrained_bonf_C17_delta0p05,
kiba,cold_drug,1,TC-SC,runs/2025-12-23_deepdta_points/deepdta_point_kiba_cold_drug_seed1,runs/2025-12-23_deepdta_points/deepdta_point_kiba_cold_drug_seed1/pred_intervals_test_tc_sc.csv.gz,True,3904735,81dff182618df4a84b73a520aa881762232676ee,,pred_intervals_test_tc_sc.csv.gz,
kiba,cold_drug,1,WSC-B,runs/2025-12-23_deepdta_points/deepdta_point_kiba_cold_drug_seed1,runs/2025-12-23_deepdta_points/deepdta_point_kiba_cold_drug_seed1/pred_intervals_test_wsc_B.csv.gz,True,3900860,b0e14f551fe63bb326ba29d7d1a198d9f079cee8,,pred_intervals_test_wsc_B.csv.gz,
kiba,cold_drug,2,Fixed,runs/2025-12-23_deepdta_points/deepdta_point_kiba_cold_drug_seed2,runs/2025-12-23_deepdta_points/deepdta_point_kiba_cold_drug_seed2/cp_local_target_tfidf_k60_m200_gamma0p0_alpha0p1/pred_intervals_test.csv.gz,True,314552,19df67c58ec25ac83ab21a919cc0aba32e71a37c,,cp_local_target_tfidf_k60_m200_gamma0p0_alpha0p1,
kiba,cold_drug,2,NaiveAutoSel,runs/2025-12-23_deepdta_points/deepdta_point_kiba_cold_drug_seed2,runs/2025-12-23_deepdta_points/deepdta_point_kiba_cold_drug_seed2/cp_local_autosel_target_k60_m50_gamma0_alpha0p1/pred_intervals_test.csv.gz,True,316448,54108f56dba6932dda36be69a8d5556ddcabb137,,cp_local_autosel_target_k60_m50_gamma0_alpha0p1,
kiba,cold_drug,2,CAS-LCB,runs/2025-12-23_deepdta_points/deepdta_point_kiba_cold_drug_seed2,runs/2025-12-23_deepdta_points/deepdta_point_kiba_cold_drug_seed2/cp_local_constrained_lcb_target_aacomp_k120_m50_gamma0_alpha0p02/pred_intervals_test.csv.gz,True,312287,d0dbc079e1a051955f6057b8c82c2bf8c164a64d,cp_local_autosel_target_k120_m50_gamma0_alpha0p02,cp_local_constrained_lcb_target_aacomp_k120_m50_gamma0_alpha0p02,False
kiba,cold_drug,2,CAS-LCB-Bonf,runs/2025-12-23_deepdta_points/deepdta_point_kiba_cold_drug_seed2,runs/2025-12-23_deepdta_points/deepdta_point_kiba_cold_drug_seed2/cp_constrained_bonf_C17_delta0p05/pred_intervals_test.csv.gz,True,312287,3501b1d07d6fad8d91bef3a4d86771c84c72349a,,cp_constrained_bonf_C17_delta0p05,
kiba,cold_drug,2,TC-SC,runs/2025-12-23_deepdta_points/deepdta_point_kiba_cold_drug_seed2,runs/2025-12-23_deepdta_points/deepdta_point_kiba_cold_drug_seed2/pred_intervals_test_tc_sc.csv.gz,True,3908649,c75064aa7f1061f7f4e9e94b7634be905fde7e3e,,pred_intervals_test_tc_sc.csv.gz,
kiba,cold_drug,2,WSC-B,runs/2025-12-23_deepdta_points/deepdta_point_kiba_cold_drug_seed2,runs/2025-12-23_deepdta_points/deepdta_point_kiba_cold_drug_seed2/pred_intervals_test_wsc_B.csv.gz,True,3907565,398226c690f59f53c566ee1dd8da66904a4833b4,,pred_intervals_test_wsc_B.csv.gz,
kiba,cold_drug,3,Fixed,runs/2025-12-23_deepdta_points/deepdta_point_kiba_cold_drug_seed3,runs/2025-12-23_deepdta_points/deepdta_point_kiba_cold_drug_seed3/cp_local_target_tfidf_k60_m200_gamma0p0_alpha0p1/pred_intervals_test.csv.gz,True,314346,4b3b54564a7a7bff818c1ebe2d005e8ee2269d56,,cp_local_target_tfidf_k60_m200_gamma0p0_alpha0p1,
kiba,cold_drug,3,NaiveAutoSel,runs/2025-12-23_deepdta_points/deepdta_point_kiba_cold_drug_seed3,runs/2025-12-23_deepdta_points/deepdta_point_kiba_cold_drug_seed3/cp_local_autosel_target_k30_m50_gamma0_alpha0p1/pred_intervals_test.csv.gz,True,317384,1bd362b364c0b3975d4510a857f025f3e7b5005b,,cp_local_autosel_target_k30_m50_gamma0_alpha0p1,
kiba,cold_drug,3,CAS-LCB,runs/2025-12-23_deepdta_points/deepdta_point_kiba_cold_drug_seed3,runs/2025-12-23_deepdta_points/deepdta_point_kiba_cold_drug_seed3/cp_local_constrained_lcb_target_aacomp_k240_m50_gamma0_alpha0p02/pred_intervals_test.csv.gz,True,297460,51f1393a49afb288ce2774d056f001f7d98fce0f,cp_local_autosel_target_k240_m50_gamma0_alpha0p02,cp_local_constrained_lcb_target_aacomp_k240_m50_gamma0_alpha0p02,False
kiba,cold_drug,3,CAS-LCB-Bonf,runs/2025-12-23_deepdta_points/deepdta_point_kiba_cold_drug_seed3,runs/2025-12-23_deepdta_points/deepdta_point_kiba_cold_drug_seed3/cp_constrained_bonf_C17_delta0p05/pred_intervals_test.csv.gz,True,297460,a8b35bd5e397a69a7ae144ce21cc3d053155973d,,cp_constrained_bonf_C17_delta0p05,
kiba,cold_drug,3,TC-SC,runs/2025-12-23_deepdta_points/deepdta_point_kiba_cold_drug_seed3,runs/2025-12-23_deepdta_points/deepdta_point_kiba_cold_drug_seed3/pred_intervals_test_tc_sc.csv.gz,True,3909193,39c96d24fc56e92822bb6b92b864253381ad0bdb,,pred_intervals_test_tc_sc.csv.gz,
kiba,cold_drug,3,WSC-B,runs/2025-12-23_deepdta_points/deepdta_point_kiba_cold_drug_seed3,runs/2025-12-23_deepdta_points/deepdta_point_kiba_cold_drug_seed3/pred_intervals_test_wsc_B.csv.gz,True,3907144,68bcdae1eb71c47bb3db05cc64bfed0753e390b5,,pred_intervals_test_wsc_B.csv.gz,
kiba,cold_drug,4,Fixed,runs/2025-12-23_deepdta_points/deepdta_point_kiba_cold_drug_seed4,runs/2025-12-23_deepdta_points/deepdta_point_kiba_cold_drug_seed4/cp_local_target_tfidf_k60_m200_gamma0p0_alpha0p1/pred_intervals_test.csv.gz,True,314865,ca4903fc05039c8869d2d8158037a4da1d7255c7,,cp_local_target_tfidf_k60_m200_gamma0p0_alpha0p1,
kiba,cold_drug,4,NaiveAutoSel,runs/2025-12-23_deepdta_points/deepdta_point_kiba_cold_drug_seed4,runs/2025-12-23_deepdta_points/deepdta_point_kiba_cold_drug_seed4/cp_local_autosel_target_k60_m50_gamma0_alpha0p1/pred_intervals_test.csv.gz,True,316771,be9213fe51264364e0475098d11b4e861d997633,,cp_local_autosel_target_k60_m50_gamma0_alpha0p1,
kiba,cold_drug,4,CAS-LCB,runs/2025-12-23_deepdta_points/deepdta_point_kiba_cold_drug_seed4,runs/2025-12-23_deepdta_points/deepdta_point_kiba_cold_drug_seed4/cp_local_constrained_lcb_target_aacomp_k240_m50_gamma0_alpha0p02/pred_intervals_test.csv.gz,True,298421,17317ce2c1a7ff41b16bd2cd282d5969feec4aa3,cp_local_autosel_target_k240_m50_gamma0_alpha0p02,cp_local_constrained_lcb_target_aacomp_k240_m50_gamma0_alpha0p02,False
kiba,cold_drug,4,CAS-LCB-Bonf,runs/2025-12-23_deepdta_points/deepdta_point_kiba_cold_drug_seed4,runs/2025-12-23_deepdta_points/deepdta_point_kiba_cold_drug_seed4/cp_constrained_bonf_C17_delta0p05/pred_intervals_test.csv.gz,True,298421,4e1c24c7873436fe7fbad9532dad8e977eab6c7e,,cp_constrained_bonf_C17_delta0p05,
kiba,cold_drug,4,TC-SC,runs/2025-12-23_deepdta_points/deepdta_point_kiba_cold_drug_seed4,runs/2025-12-23_deepdta_points/deepdta_point_kiba_cold_drug_seed4/pred_intervals_test_tc_sc.csv.gz,True,3909761,5c09e5a90de35a4eba8e04387ffa5a03511da037,,pred_intervals_test_tc_sc.csv.gz,
kiba,cold_drug,4,WSC-B,runs/2025-12-23_deepdta_points/deepdta_point_kiba_cold_drug_seed4,runs/2025-12-23_deepdta_points/deepdta_point_kiba_cold_drug_seed4/pred_intervals_test_wsc_B.csv.gz,True,3908936,700615c500edfcff530169494ae80770d856f20d,,pred_intervals_test_wsc_B.csv.gz,
kiba,cold_pair,0,Fixed,runs/2025-12-23_deepdta_points/deepdta_point_kiba_cold_pair_seed0,runs/2025-12-23_deepdta_points/deepdta_point_kiba_cold_pair_seed0/cp_local_target_tfidf_k60_m200_gamma0p0_alpha0p1/pred_intervals_test.csv.gz,True,317736,bcf99765c6befe603145d8132412c12fddfe2f4e,,cp_local_target_tfidf_k60_m200_gamma0p0_alpha0p1,
kiba,cold_pair,0,NaiveAutoSel,runs/2025-12-23_deepdta_points/deepdta_point_kiba_cold_pair_seed0,runs/2025-12-23_deepdta_points/deepdta_point_kiba_cold_pair_seed0/cp_local_autosel_target_k240_m50_gamma0_alpha0p1/pred_intervals_test.csv.gz,True,297756,a8e3c066e6a06720ef272e5ec7093218be291ed7,,cp_local_autosel_target_k240_m50_gamma0_alpha0p1,
kiba,cold_pair,0,CAS-LCB,runs/2025-12-23_deepdta_points/deepdta_point_kiba_cold_pair_seed0,runs/2025-12-23_deepdta_points/deepdta_point_kiba_cold_pair_seed0/cp_local_constrained_lcb_target_aacomp_k240_m50_gamma0_alpha0p1/pred_intervals_test.csv.gz,True,297756,cfeb3cf8bc4ae46fe79ff3854157bc33e7ee5255,cp_local_autosel_target_k240_m50_gamma0_alpha0p1,cp_local_constrained_lcb_target_aacomp_k240_m50_gamma0_alpha0p1,False
kiba,cold_pair,0,CAS-LCB-Bonf,runs/2025-12-23_deepdta_points/deepdta_point_kiba_cold_pair_seed0,runs/2025-12-23_deepdta_points/deepdta_point_kiba_cold_pair_seed0/cp_constrained_bonf_C17_delta0p05/pred_intervals_test.csv.gz,True,313922,a771d72c7c333fa499601e762a163711124d5dfc,,cp_constrained_bonf_C17_delta0p05,
kiba,cold_pair,0,TC-SC,runs/2025-12-23_deepdta_points/deepdta_point_kiba_cold_pair_seed0,runs/2025-12-23_deepdta_points/deepdta_point_kiba_cold_pair_seed0/pred_intervals_test_tc_sc.csv.gz,True,354534,ee1ca64e2ab3a230d5b5f7fb136a5f1785e40d38,,pred_intervals_test_tc_sc.csv.gz,
kiba,cold_pair,0,WSC-B,runs/2025-12-23_deepdta_points/deepdta_point_kiba_cold_pair_seed0,runs/2025-12-23_deepdta_points/deepdta_point_kiba_cold_pair_seed0/pred_intervals_test_wsc_B.csv.gz,True,354747,86203ba3b9efd4dca0fbabd55194a1fb6c9356a3,,pred_intervals_test_wsc_B.csv.gz,
kiba,cold_pair,1,Fixed,runs/2025-12-23_deepdta_points/deepdta_point_kiba_cold_pair_seed1,runs/2025-12-23_deepdta_points/deepdta_point_kiba_cold_pair_seed1/cp_local_target_tfidf_k60_m200_gamma0p0_alpha0p1/pred_intervals_test.csv.gz,True,318978,1e4473c85c0500ffa820ca5ab8b435759d2dbf5c,,cp_local_target_tfidf_k60_m200_gamma0p0_alpha0p1,
kiba,cold_pair,1,NaiveAutoSel,runs/2025-12-23_deepdta_points/deepdta_point_kiba_cold_pair_seed1,runs/2025-12-23_deepdta_points/deepdta_point_kiba_cold_pair_seed1/cp_local_autosel_target_k60_m50_gamma0_alpha0p1/pred_intervals_test.csv.gz,True,319192,c084f89b648ad86608139da023ce5d9c4669ba86,,cp_local_autosel_target_k60_m50_gamma0_alpha0p1,
kiba,cold_pair,1,CAS-LCB,runs/2025-12-23_deepdta_points/deepdta_point_kiba_cold_pair_seed1,runs/2025-12-23_deepdta_points/deepdta_point_kiba_cold_pair_seed1/cp_local_constrained_lcb_target_aacomp_k60_m50_gamma0_alpha0p1/pred_intervals_test.csv.gz,True,319192,a5ec4183db2d971f37251faeb5e6a7c1f00bbe38,cp_local_autosel_target_k120_m50_gamma0_alpha0p05,cp_local_constrained_lcb_target_aacomp_k60_m50_gamma0_alpha0p1,False
kiba,cold_pair,1,CAS-LCB-Bonf,runs/2025-12-23_deepdta_points/deepdta_point_kiba_cold_pair_seed1,runs/2025-12-23_deepdta_points/deepdta_point_kiba_cold_pair_seed1/cp_constrained_bonf_C17_delta0p05/pred_intervals_test.csv.gz,True,315971,4e8bd94c8b665a04899f0eb1f12917abc433d500,,cp_constrained_bonf_C17_delta0p05,
kiba,cold_pair,1,TC-SC,runs/2025-12-23_deepdta_points/deepdta_point_kiba_cold_pair_seed1,runs/2025-12-23_deepdta_points/deepdta_point_kiba_cold_pair_seed1/pred_intervals_test_tc_sc.csv.gz,True,355255,613be1028e0478d08c7297d1a7ddc9bc8a3d1fbe,,pred_intervals_test_tc_sc.csv.gz,
kiba,cold_pair,1,WSC-B,runs/2025-12-23_deepdta_points/deepdta_point_kiba_cold_pair_seed1,runs/2025-12-23_deepdta_points/deepdta_point_kiba_cold_pair_seed1/pred_intervals_test_wsc_B.csv.gz,True,355530,35913e5a05d6575346a8adab7722713f63201a7b,,pred_intervals_test_wsc_B.csv.gz,
kiba,cold_pair,2,Fixed,runs/2025-12-23_deepdta_points/deepdta_point_kiba_cold_pair_seed2,runs/2025-12-23_deepdta_points/deepdta_point_kiba_cold_pair_seed2/cp_local_target_tfidf_k60_m200_gamma0p0_alpha0p1/pred_intervals_test.csv.gz,True,315385,6550dda631e38fe87851e5d3d010e8537143beff,,cp_local_target_tfidf_k60_m200_gamma0p0_alpha0p1,
kiba,cold_pair,2,NaiveAutoSel,runs/2025-12-23_deepdta_points/deepdta_point_kiba_cold_pair_seed2,runs/2025-12-23_deepdta_points/deepdta_point_kiba_cold_pair_seed2/cp_local_autosel_target_k60_m50_gamma0_alpha0p1/pred_intervals_test.csv.gz,True,315872,c33532913ef005b4a7ecf7bb87c59a803ddddc5f,,cp_local_autosel_target_k60_m50_gamma0_alpha0p1,
kiba,cold_pair,2,CAS-LCB,runs/2025-12-23_deepdta_points/deepdta_point_kiba_cold_pair_seed2,runs/2025-12-23_deepdta_points/deepdta_point_kiba_cold_pair_seed2/cp_local_constrained_lcb_target_aacomp_k60_m50_gamma0_alpha0p05/pred_intervals_test.csv.gz,True,315637,ad86faf98afb57fa25a298a78991e5f0088f5119,cp_local_autosel_target_k30_m50_gamma0_alpha0p1,cp_local_constrained_lcb_target_aacomp_k60_m50_gamma0_alpha0p05,False
kiba,cold_pair,2,CAS-LCB-Bonf,runs/2025-12-23_deepdta_points/deepdta_point_kiba_cold_pair_seed2,runs/2025-12-23_deepdta_points/deepdta_point_kiba_cold_pair_seed2/cp_constrained_bonf_C17_delta0p05/pred_intervals_test.csv.gz,True,315637,477f8dfed6fd746ee57d34b8c9a0127827f0a38b,,cp_constrained_bonf_C17_delta0p05,
kiba,cold_pair,2,TC-SC,runs/2025-12-23_deepdta_points/deepdta_point_kiba_cold_pair_seed2,runs/2025-12-23_deepdta_points/deepdta_point_kiba_cold_pair_seed2/pred_intervals_test_tc_sc.csv.gz,True,354472,c69733a736f1c5364b116eea793704c082231f9a,,pred_intervals_test_tc_sc.csv.gz,
kiba,cold_pair,2,WSC-B,runs/2025-12-23_deepdta_points/deepdta_point_kiba_cold_pair_seed2,runs/2025-12-23_deepdta_points/deepdta_point_kiba_cold_pair_seed2/pred_intervals_test_wsc_B.csv.gz,True,354873,8a7e8b541c033ded14b605355df2324b4931e2c0,,pred_intervals_test_wsc_B.csv.gz,
kiba,cold_pair,3,Fixed,runs/2025-12-23_deepdta_points/deepdta_point_kiba_cold_pair_seed3,runs/2025-12-23_deepdta_points/deepdta_point_kiba_cold_pair_seed3/cp_local_target_tfidf_k60_m200_gamma0p0_alpha0p1/pred_intervals_test.csv.gz,True,317490,4a8cc96a6394eb2546968f73020838cc665f9361,,cp_local_target_tfidf_k60_m200_gamma0p0_alpha0p1,
kiba,cold_pair,3,NaiveAutoSel,runs/2025-12-23_deepdta_points/deepdta_point_kiba_cold_pair_seed3,runs/2025-12-23_deepdta_points/deepdta_point_kiba_cold_pair_seed3/cp_local_autosel_target_k240_m50_gamma0_alpha0p1/pred_intervals_test.csv.gz,True,298210,bb46f98eebb07d020bceed9d3706f22868d6728d,,cp_local_autosel_target_k240_m50_gamma0_alpha0p1,
kiba,cold_pair,3,CAS-LCB,runs/2025-12-23_deepdta_points/deepdta_point_kiba_cold_pair_seed3,runs/2025-12-23_deepdta_points/deepdta_point_kiba_cold_pair_seed3/cp_local_constrained_lcb_target_aacomp_k240_m50_gamma0_alpha0p05/pred_intervals_test.csv.gz,True,297769,f9d2bba0e7716ef76b91c03e53375782d75bbf8c,cp_local_autosel_target_k240_m50_gamma0_alpha0p05,cp_local_constrained_lcb_target_aacomp_k240_m50_gamma0_alpha0p05,False
kiba,cold_pair,3,CAS-LCB-Bonf,runs/2025-12-23_deepdta_points/deepdta_point_kiba_cold_pair_seed3,runs/2025-12-23_deepdta_points/deepdta_point_kiba_cold_pair_seed3/cp_constrained_bonf_C17_delta0p05/pred_intervals_test.csv.gz,True,297769,b0cf5c7ba9af9f604979fdbc121c55eb87732b92,,cp_constrained_bonf_C17_delta0p05,
kiba,cold_pair,3,TC-SC,runs/2025-12-23_deepdta_points/deepdta_point_kiba_cold_pair_seed3,runs/2025-12-23_deepdta_points/deepdta_point_kiba_cold_pair_seed3/pred_intervals_test_tc_sc.csv.gz,True,353539,b6c34cd86e7ebd2dbeeb606b6581e0a7f008f781,,pred_intervals_test_tc_sc.csv.gz,
kiba,cold_pair,3,WSC-B,runs/2025-12-23_deepdta_points/deepdta_point_kiba_cold_pair_seed3,runs/2025-12-23_deepdta_points/deepdta_point_kiba_cold_pair_seed3/pred_intervals_test_wsc_B.csv.gz,True,353943,2c0ed8305a012448a56c0e6152e35a8089ef7cd1,,pred_intervals_test_wsc_B.csv.gz,
kiba,cold_pair,4,Fixed,runs/2025-12-23_deepdta_points/deepdta_point_kiba_cold_pair_seed4,runs/2025-12-23_deepdta_points/deepdta_point_kiba_cold_pair_seed4/cp_local_target_tfidf_k60_m200_gamma0p0_alpha0p1/pred_intervals_test.csv.gz,True,318014,adfaffa1ad54a1ac2a0e80e820b8e560943026f3,,cp_local_target_tfidf_k60_m200_gamma0p0_alpha0p1,
kiba,cold_pair,4,NaiveAutoSel,runs/2025-12-23_deepdta_points/deepdta_point_kiba_cold_pair_seed4,runs/2025-12-23_deepdta_points/deepdta_point_kiba_cold_pair_seed4/cp_local_autosel_target_k60_m50_gamma0_alpha0p1/pred_intervals_test.csv.gz,True,319652,91577f73b8cdba39c090e8ed94caf2a0c3b6f37f,,cp_local_autosel_target_k60_m50_gamma0_alpha0p1,
kiba,cold_pair,4,CAS-LCB,runs/2025-12-23_deepdta_points/deepdta_point_kiba_cold_pair_seed4,runs/2025-12-23_deepdta_points/deepdta_point_kiba_cold_pair_seed4/cp_local_constrained_lcb_target_aacomp_k60_m50_gamma0_alpha0p05/pred_intervals_test.csv.gz,True,318468,6e778af3016b8507f9c2de4105c57da0b95364b1,cp_local_autosel_target_k60_m50_gamma0_alpha0p05,cp_local_constrained_lcb_target_aacomp_k60_m50_gamma0_alpha0p05,False
kiba,cold_pair,4,CAS-LCB-Bonf,runs/2025-12-23_deepdta_points/deepdta_point_kiba_cold_pair_seed4,runs/2025-12-23_deepdta_points/deepdta_point_kiba_cold_pair_seed4/cp_constrained_bonf_C17_delta0p05/pred_intervals_test.csv.gz,True,318468,9c3b2be10d32be03399961e70acebb813ad48ebd,,cp_constrained_bonf_C17_delta0p05,
kiba,cold_pair,4,TC-SC,runs/2025-12-23_deepdta_points/deepdta_point_kiba_cold_pair_seed4,runs/2025-12-23_deepdta_points/deepdta_point_kiba_cold_pair_seed4/pred_intervals_test_tc_sc.csv.gz,True,355767,75624668a2c19093ad19a81a25aea54681a9e729,,pred_intervals_test_tc_sc.csv.gz,
kiba,cold_pair,4,WSC-B,runs/2025-12-23_deepdta_points/deepdta_point_kiba_cold_pair_seed4,runs/2025-12-23_deepdta_points/deepdta_point_kiba_cold_pair_seed4/pred_intervals_test_wsc_B.csv.gz,True,356031,4b1f95838bc5c47984a7c92a98c490fda67d3ab7,,pred_intervals_test_wsc_B.csv.gz,
kiba,cold_target,0,Fixed,runs/2025-12-23_deepdta_points/deepdta_point_kiba_cold_target_seed0,runs/2025-12-23_deepdta_points/deepdta_point_kiba_cold_target_seed0/cp_local_target_tfidf_k60_m200_gamma0p0_alpha0p1/pred_intervals_test.csv.gz,True,307587,2dab1127e5f09a06df627d1ba5781e6d62387fe8,,cp_local_target_tfidf_k60_m200_gamma0p0_alpha0p1,
kiba,cold_target,0,NaiveAutoSel,runs/2025-12-23_deepdta_points/deepdta_point_kiba_cold_target_seed0,runs/2025-12-23_deepdta_points/deepdta_point_kiba_cold_target_seed0/cp_local_autosel_target_k120_m50_gamma0_alpha0p1/pred_intervals_test.csv.gz,True,304748,0394e095d3c07dd3a08436c37a30cae3dc7bb8a7,,cp_local_autosel_target_k120_m50_gamma0_alpha0p1,
kiba,cold_target,0,CAS-LCB,runs/2025-12-23_deepdta_points/deepdta_point_kiba_cold_target_seed0,runs/2025-12-23_deepdta_points/deepdta_point_kiba_cold_target_seed0/cp_local_constrained_lcb_target_aacomp_k30_m50_gamma0_alpha0p1/pred_intervals_test.csv.gz,True,307573,6c3f485e8ce686e2822fad489849647c02ba8d45,cp_local_autosel_target_k120_m50_gamma0_alpha0p02,cp_local_constrained_lcb_target_aacomp_k30_m50_gamma0_alpha0p1,False
kiba,cold_target,0,CAS-LCB-Bonf,runs/2025-12-23_deepdta_points/deepdta_point_kiba_cold_target_seed0,runs/2025-12-23_deepdta_points/deepdta_point_kiba_cold_target_seed0/cp_constrained_bonf_C17_delta0p05/pred_intervals_test.csv.gz,True,309564,a0c00bef6846afceb47b9ce90d70368ea80d8586,,cp_constrained_bonf_C17_delta0p05,
kiba,cold_target,0,TC-SC,runs/2025-12-23_deepdta_points/deepdta_point_kiba_cold_target_seed0,runs/2025-12-23_deepdta_points/deepdta_point_kiba_cold_target_seed0/pred_intervals_test_tc_sc.csv.gz,True,1460220,e0819a9ca84d5f76d4df7c14595ec71f4a89cc85,,pred_intervals_test_tc_sc.csv.gz,
kiba,cold_target,0,WSC-B,runs/2025-12-23_deepdta_points/deepdta_point_kiba_cold_target_seed0,runs/2025-12-23_deepdta_points/deepdta_point_kiba_cold_target_seed0/pred_intervals_test_wsc_B.csv.gz,True,1460196,9c6bbe9fcaae51a39db4038299c7ffd483d9b485,,pred_intervals_test_wsc_B.csv.gz,
kiba,cold_target,1,Fixed,runs/2025-12-23_deepdta_points/deepdta_point_kiba_cold_target_seed1,runs/2025-12-23_deepdta_points/deepdta_point_kiba_cold_target_seed1/cp_local_target_tfidf_k60_m200_gamma0p0_alpha0p1/pred_intervals_test.csv.gz,True,316363,e9c5b29eb11983636b4cfb3d5d6a7a96182d7b25,,cp_local_target_tfidf_k60_m200_gamma0p0_alpha0p1,
kiba,cold_target,1,NaiveAutoSel,runs/2025-12-23_deepdta_points/deepdta_point_kiba_cold_target_seed1,runs/2025-12-23_deepdta_points/deepdta_point_kiba_cold_target_seed1/cp_local_autosel_target_k120_m50_gamma0_alpha0p1/pred_intervals_test.csv.gz,True,315506,99ab596066157c309a11b55fc5806eaca77dd8ce,,cp_local_autosel_target_k120_m50_gamma0_alpha0p1,
kiba,cold_target,1,CAS-LCB,runs/2025-12-23_deepdta_points/deepdta_point_kiba_cold_target_seed1,runs/2025-12-23_deepdta_points/deepdta_point_kiba_cold_target_seed1/cp_local_constrained_lcb_target_aacomp_k60_m50_gamma0_alpha0p05/pred_intervals_test.csv.gz,True,316328,b08d9639bc9deae1736d947aadad2130df57d767,cp_local_autosel_target_k120_m50_gamma0_alpha0p02,cp_local_constrained_lcb_target_aacomp_k60_m50_gamma0_alpha0p05,False
kiba,cold_target,1,CAS-LCB-Bonf,runs/2025-12-23_deepdta_points/deepdta_point_kiba_cold_target_seed1,runs/2025-12-23_deepdta_points/deepdta_point_kiba_cold_target_seed1/cp_constrained_bonf_C17_delta0p05/pred_intervals_test.csv.gz,True,317292,4c462cebf25d9abaf6cb6d2192a416f5095ee411,,cp_constrained_bonf_C17_delta0p05,
kiba,cold_target,1,TC-SC,runs/2025-12-23_deepdta_points/deepdta_point_kiba_cold_target_seed1,runs/2025-12-23_deepdta_points/deepdta_point_kiba_cold_target_seed1/pred_intervals_test_tc_sc.csv.gz,True,1470918,477f8b8d777d758b4f0e40d1d36f94ef2fb394fe,,pred_intervals_test_tc_sc.csv.gz,
kiba,cold_target,1,WSC-B,runs/2025-12-23_deepdta_points/deepdta_point_kiba_cold_target_seed1,runs/2025-12-23_deepdta_points/deepdta_point_kiba_cold_target_seed1/pred_intervals_test_wsc_B.csv.gz,True,1470530,62a83ec872ebeea5e67316bdfccadd251053afee,,pred_intervals_test_wsc_B.csv.gz,
kiba,cold_target,2,Fixed,runs/2025-12-23_deepdta_points/deepdta_point_kiba_cold_target_seed2,runs/2025-12-23_deepdta_points/deepdta_point_kiba_cold_target_seed2/cp_local_target_tfidf_k60_m200_gamma0p0_alpha0p1/pred_intervals_test.csv.gz,True,316113,58083da33e37ace9502d74a522383968fbab9256,,cp_local_target_tfidf_k60_m200_gamma0p0_alpha0p1,
kiba,cold_target,2,NaiveAutoSel,runs/2025-12-23_deepdta_points/deepdta_point_kiba_cold_target_seed2,runs/2025-12-23_deepdta_points/deepdta_point_kiba_cold_target_seed2/cp_local_autosel_target_k30_m50_gamma0_alpha0p1/pred_intervals_test.csv.gz,True,315511,3481ea295cac93771bb39f7ab859c7f58f0e2d5c,,cp_local_autosel_target_k30_m50_gamma0_alpha0p1,
kiba,cold_target,2,CAS-LCB,runs/2025-12-23_deepdta_points/deepdta_point_kiba_cold_target_seed2,runs/2025-12-23_deepdta_points/deepdta_point_kiba_cold_target_seed2/cp_local_constrained_lcb_target_aacomp_k30_m50_gamma0_alpha0p1/pred_intervals_test.csv.gz,True,315511,528be65ed961fdde74ed663217f0737ca64878fd,cp_local_autosel_target_k60_m50_gamma0_alpha0p05,cp_local_constrained_lcb_target_aacomp_k30_m50_gamma0_alpha0p1,False
kiba,cold_target,2,CAS-LCB-Bonf,runs/2025-12-23_deepdta_points/deepdta_point_kiba_cold_target_seed2,runs/2025-12-23_deepdta_points/deepdta_point_kiba_cold_target_seed2/cp_constrained_bonf_C17_delta0p05/pred_intervals_test.csv.gz,True,316359,3f3e7d18f2614c3434d9ab3d42c5e90ccbd506bb,,cp_constrained_bonf_C17_delta0p05,
kiba,cold_target,2,TC-SC,runs/2025-12-23_deepdta_points/deepdta_point_kiba_cold_target_seed2,runs/2025-12-23_deepdta_points/deepdta_point_kiba_cold_target_seed2/pred_intervals_test_tc_sc.csv.gz,True,1472531,6fd0120eff38837b49f4ad253c91af396109a7a0,,pred_intervals_test_tc_sc.csv.gz,
kiba,cold_target,2,WSC-B,runs/2025-12-23_deepdta_points/deepdta_point_kiba_cold_target_seed2,runs/2025-12-23_deepdta_points/deepdta_point_kiba_cold_target_seed2/pred_intervals_test_wsc_B.csv.gz,True,1472375,ef615225e1929363ba61c04ccfea249b13676493,,pred_intervals_test_wsc_B.csv.gz,
kiba,cold_target,3,Fixed,runs/2025-12-23_deepdta_points/deepdta_point_kiba_cold_target_seed3,runs/2025-12-23_deepdta_points/deepdta_point_kiba_cold_target_seed3/cp_local_target_tfidf_k60_m200_gamma0p0_alpha0p1/pred_intervals_test.csv.gz,True,311667,bdaac6148fa9f631ae1532e36ee7d9133d025230,,cp_local_target_tfidf_k60_m200_gamma0p0_alpha0p1,
kiba,cold_target,3,NaiveAutoSel,runs/2025-12-23_deepdta_points/deepdta_point_kiba_cold_target_seed3,runs/2025-12-23_deepdta_points/deepdta_point_kiba_cold_target_seed3/cp_local_autosel_target_k240_m50_gamma0_alpha0p1/pred_intervals_test.csv.gz,True,300866,2b0615110a3df051ac04a157e3a9e3197d108b8c,,cp_local_autosel_target_k240_m50_gamma0_alpha0p1,
kiba,cold_target,3,CAS-LCB,runs/2025-12-23_deepdta_points/deepdta_point_kiba_cold_target_seed3,runs/2025-12-23_deepdta_points/deepdta_point_kiba_cold_target_seed3/cp_local_constrained_lcb_target_aacomp_k30_m50_gamma0_alpha0p1/pred_intervals_test.csv.gz,True,314713,744daf42de79cba2c692c77f9bacc81ac23cffdb,cp_local_autosel_target_k60_m50_gamma0_alpha0p05,cp_local_constrained_lcb_target_aacomp_k30_m50_gamma0_alpha0p1,False
kiba,cold_target,3,CAS-LCB-Bonf,runs/2025-12-23_deepdta_points/deepdta_point_kiba_cold_target_seed3,runs/2025-12-23_deepdta_points/deepdta_point_kiba_cold_target_seed3/cp_constrained_bonf_C17_delta0p05/pred_intervals_test.csv.gz,True,311750,92e8561cbdaf9b20ed7fb552a7e516090152e54d,,cp_constrained_bonf_C17_delta0p05,
kiba,cold_target,3,TC-SC,runs/2025-12-23_deepdta_points/deepdta_point_kiba_cold_target_seed3,runs/2025-12-23_deepdta_points/deepdta_point_kiba_cold_target_seed3/pred_intervals_test_tc_sc.csv.gz,True,1464694,82d77d3507c04233be20cd53be36b83d1d85ba89,,pred_intervals_test_tc_sc.csv.gz,
kiba,cold_target,3,WSC-B,runs/2025-12-23_deepdta_points/deepdta_point_kiba_cold_target_seed3,runs/2025-12-23_deepdta_points/deepdta_point_kiba_cold_target_seed3/pred_intervals_test_wsc_B.csv.gz,True,1471978,145a195a56d418178ec9fc9b33e4ff2a777ebf98,,pred_intervals_test_wsc_B.csv.gz,
kiba,cold_target,4,Fixed,runs/2025-12-23_deepdta_points/deepdta_point_kiba_cold_target_seed4,runs/2025-12-23_deepdta_points/deepdta_point_kiba_cold_target_seed4/cp_local_target_tfidf_k60_m200_gamma0p0_alpha0p1/pred_intervals_test.csv.gz,True,315853,770811bbe74df71b954664183ec6efc162e1d291,,cp_local_target_tfidf_k60_m200_gamma0p0_alpha0p1,
kiba,cold_target,4,NaiveAutoSel,runs/2025-12-23_deepdta_points/deepdta_point_kiba_cold_target_seed4,runs/2025-12-23_deepdta_points/deepdta_point_kiba_cold_target_seed4/cp_local_autosel_target_k240_m50_gamma0_alpha0p1/pred_intervals_test.csv.gz,True,302427,75dfcb24f0ae8599caeb64a558f1b5b0a5fb2b77,,cp_local_autosel_target_k240_m50_gamma0_alpha0p1,
kiba,cold_target,4,CAS-LCB,runs/2025-12-23_deepdta_points/deepdta_point_kiba_cold_target_seed4,runs/2025-12-23_deepdta_points/deepdta_point_kiba_cold_target_seed4/cp_local_constrained_lcb_target_aacomp_k30_m50_gamma0_alpha0p1/pred_intervals_test.csv.gz,True,316618,ffbd18d716e70eb5e5aeb833b66a575b9e328c33,cp_local_autosel_target_k120_m50_gamma0_alpha0p05,cp_local_constrained_lcb_target_aacomp_k30_m50_gamma0_alpha0p1,False
kiba,cold_target,4,CAS-LCB-Bonf,runs/2025-12-23_deepdta_points/deepdta_point_kiba_cold_target_seed4,runs/2025-12-23_deepdta_points/deepdta_point_kiba_cold_target_seed4/cp_constrained_bonf_C17_delta0p05/pred_intervals_test.csv.gz,True,317741,6d72378225502f9782a183d55df27bd104740811,,cp_constrained_bonf_C17_delta0p05,
kiba,cold_target,4,TC-SC,runs/2025-12-23_deepdta_points/deepdta_point_kiba_cold_target_seed4,runs/2025-12-23_deepdta_points/deepdta_point_kiba_cold_target_seed4/pred_intervals_test_tc_sc.csv.gz,True,1471327,838cddcda75aea41937b06eb7c4c75286c6ea2dc,,pred_intervals_test_tc_sc.csv.gz,
kiba,cold_target,4,WSC-B,runs/2025-12-23_deepdta_points/deepdta_point_kiba_cold_target_seed4,runs/2025-12-23_deepdta_points/deepdta_point_kiba_cold_target_seed4/pred_intervals_test_wsc_B.csv.gz,True,1469351,848668685fd64d1f21f1456ebb270e9965c1c2e5,,pred_intervals_test_wsc_B.csv.gz,
kiba,random,0,Fixed,runs/2025-12-23_deepdta_points/deepdta_point_kiba_random_seed0,runs/2025-12-23_deepdta_points/deepdta_point_kiba_random_seed0/cp_local_target_tfidf_k60_m200_gamma0p0_alpha0p1/pred_intervals_test.csv.gz,True,317814,2a23c2de2c549ab01a21cead86fbec568ee346cd,,cp_local_target_tfidf_k60_m200_gamma0p0_alpha0p1,
kiba,random,0,NaiveAutoSel,runs/2025-12-23_deepdta_points/deepdta_point_kiba_random_seed0,runs/2025-12-23_deepdta_points/deepdta_point_kiba_random_seed0/cp_local_autosel_target_k240_m50_gamma0_alpha0p1/pred_intervals_test.csv.gz,True,298782,68d590e451d970476a88aba2228b803275b26930,,cp_local_autosel_target_k240_m50_gamma0_alpha0p1,
kiba,random,0,CAS-LCB,runs/2025-12-23_deepdta_points/deepdta_point_kiba_random_seed0,runs/2025-12-23_deepdta_points/deepdta_point_kiba_random_seed0/cp_local_constrained_lcb_target_aacomp_k240_m50_gamma0_alpha0p1/pred_intervals_test.csv.gz,True,298782,89ce44995d5d7262af9d8d81e8b1e88820c5b9fb,cp_local_autosel_target_k240_m50_gamma0_alpha0p1,cp_local_constrained_lcb_target_aacomp_k240_m50_gamma0_alpha0p1,False
kiba,random,0,CAS-LCB-Bonf,runs/2025-12-23_deepdta_points/deepdta_point_kiba_random_seed0,runs/2025-12-23_deepdta_points/deepdta_point_kiba_random_seed0/cp_constrained_bonf_C17_delta0p05/pred_intervals_test.csv.gz,True,297795,60dca80497294bc5d14c45f563dbfef3315ed792,,cp_constrained_bonf_C17_delta0p05,
kiba,random,0,TC-SC,runs/2025-12-23_deepdta_points/deepdta_point_kiba_random_seed0,runs/2025-12-23_deepdta_points/deepdta_point_kiba_random_seed0/pred_intervals_test_tc_sc.csv.gz,True,3920675,ca823c5b283c1f72204816ebb39430637d9e6186,,pred_intervals_test_tc_sc.csv.gz,
kiba,random,0,WSC-B,runs/2025-12-23_deepdta_points/deepdta_point_kiba_random_seed0,runs/2025-12-23_deepdta_points/deepdta_point_kiba_random_seed0/pred_intervals_test_wsc_B.csv.gz,True,3922724,a07c32344189b327bb92adb24f4436f049dae9a6,,pred_intervals_test_wsc_B.csv.gz,
kiba,random,1,Fixed,runs/2025-12-23_deepdta_points/deepdta_point_kiba_random_seed1,runs/2025-12-23_deepdta_points/deepdta_point_kiba_random_seed1/cp_local_target_tfidf_k60_m200_gamma0p0_alpha0p1/pred_intervals_test.csv.gz,True,313106,b6b6015e34058a8afcec7d112057200c6f107485,,cp_local_target_tfidf_k60_m200_gamma0p0_alpha0p1,
kiba,random,1,NaiveAutoSel,runs/2025-12-23_deepdta_points/deepdta_point_kiba_random_seed1,runs/2025-12-23_deepdta_points/deepdta_point_kiba_random_seed1/cp_local_autosel_target_k60_m50_gamma0_alpha0p1/pred_intervals_test.csv.gz,True,316588,e94a11cb1edec8b370cceb4b9d6e6e3f524afd99,,cp_local_autosel_target_k60_m50_gamma0_alpha0p1,
kiba,random,1,CAS-LCB,runs/2025-12-23_deepdta_points/deepdta_point_kiba_random_seed1,runs/2025-12-23_deepdta_points/deepdta_point_kiba_random_seed1/cp_local_constrained_lcb_target_aacomp_k60_m50_gamma0_alpha0p1/pred_intervals_test.csv.gz,True,316588,49b5f162338d80a30aec7dc5596e7ac2d187c8ed,cp_local_autosel_target_k30_m50_gamma0_alpha0p1,cp_local_constrained_lcb_target_aacomp_k60_m50_gamma0_alpha0p1,False
kiba,random,1,CAS-LCB-Bonf,runs/2025-12-23_deepdta_points/deepdta_point_kiba_random_seed1,runs/2025-12-23_deepdta_points/deepdta_point_kiba_random_seed1/cp_constrained_bonf_C17_delta0p05/pred_intervals_test.csv.gz,True,316407,883068c96b7909f49d5c8fd9a6c60c2be544f57d,,cp_constrained_bonf_C17_delta0p05,
kiba,random,1,TC-SC,runs/2025-12-23_deepdta_points/deepdta_point_kiba_random_seed1,runs/2025-12-23_deepdta_points/deepdta_point_kiba_random_seed1/pred_intervals_test_tc_sc.csv.gz,True,3923383,efa9ac6fe255e00425d77e123582acde57e59a3e,,pred_intervals_test_tc_sc.csv.gz,
kiba,random,1,WSC-B,runs/2025-12-23_deepdta_points/deepdta_point_kiba_random_seed1,runs/2025-12-23_deepdta_points/deepdta_point_kiba_random_seed1/pred_intervals_test_wsc_B.csv.gz,True,3915359,49141bd4da312725238b10f023f1e9491fd9fa23,,pred_intervals_test_wsc_B.csv.gz,
kiba,random,2,Fixed,runs/2025-12-23_deepdta_points/deepdta_point_kiba_random_seed2,runs/2025-12-23_deepdta_points/deepdta_point_kiba_random_seed2/cp_local_target_tfidf_k60_m200_gamma0p0_alpha0p1/pred_intervals_test.csv.gz,True,318343,2a4fc9ac99fa073b9399a91db645cabe788aeb8d,,cp_local_target_tfidf_k60_m200_gamma0p0_alpha0p1,
kiba,random,2,NaiveAutoSel,runs/2025-12-23_deepdta_points/deepdta_point_kiba_random_seed2,runs/2025-12-23_deepdta_points/deepdta_point_kiba_random_seed2/cp_local_autosel_target_k60_m50_gamma0_alpha0p1/pred_intervals_test.csv.gz,True,319439,aac5fe8f109851222cd01745ab11661d09507487,,cp_local_autosel_target_k60_m50_gamma0_alpha0p1,
kiba,random,2,CAS-LCB,runs/2025-12-23_deepdta_points/deepdta_point_kiba_random_seed2,runs/2025-12-23_deepdta_points/deepdta_point_kiba_random_seed2/cp_local_constrained_lcb_target_aacomp_k60_m50_gamma0_alpha0p05/pred_intervals_test.csv.gz,True,318118,8e39425edda9aa0026ff00cce5cc7bc1d0805192,cp_local_autosel_target_k30_m50_gamma0_alpha0p1,cp_local_constrained_lcb_target_aacomp_k60_m50_gamma0_alpha0p05,False
kiba,random,2,CAS-LCB-Bonf,runs/2025-12-23_deepdta_points/deepdta_point_kiba_random_seed2,runs/2025-12-23_deepdta_points/deepdta_point_kiba_random_seed2/cp_constrained_bonf_C17_delta0p05/pred_intervals_test.csv.gz,True,318118,1b98cacfdaa4f4e0d25e54f7c21e711f5593a0fd,,cp_constrained_bonf_C17_delta0p05,
kiba,random,2,TC-SC,runs/2025-12-23_deepdta_points/deepdta_point_kiba_random_seed2,runs/2025-12-23_deepdta_points/deepdta_point_kiba_random_seed2/pred_intervals_test_tc_sc.csv.gz,True,3921940,783b21477b7150b57834e7c0451cdb2ec9c81ab5,,pred_intervals_test_tc_sc.csv.gz,
kiba,random,2,WSC-B,runs/2025-12-23_deepdta_points/deepdta_point_kiba_random_seed2,runs/2025-12-23_deepdta_points/deepdta_point_kiba_random_seed2/pred_intervals_test_wsc_B.csv.gz,True,3922388,c031ff7c4e5a860f40f3d1f4c063711d7bec8b64,,pred_intervals_test_wsc_B.csv.gz,
kiba,random,3,Fixed,runs/2025-12-23_deepdta_points/deepdta_point_kiba_random_seed3,runs/2025-12-23_deepdta_points/deepdta_point_kiba_random_seed3/cp_local_target_tfidf_k60_m200_gamma0p0_alpha0p1/pred_intervals_test.csv.gz,True,317006,7280fd2088e93990f472c96a7748baeb505ef597,,cp_local_target_tfidf_k60_m200_gamma0p0_alpha0p1,
kiba,random,3,NaiveAutoSel,runs/2025-12-23_deepdta_points/deepdta_point_kiba_random_seed3,runs/2025-12-23_deepdta_points/deepdta_point_kiba_random_seed3/cp_local_autosel_target_k240_m50_gamma0_alpha0p1/pred_intervals_test.csv.gz,True,296381,cbc13862b0a92a0fb231b41568a311cf3d5fa99d,,cp_local_autosel_target_k240_m50_gamma0_alpha0p1,
kiba,random,3,CAS-LCB,runs/2025-12-23_deepdta_points/deepdta_point_kiba_random_seed3,runs/2025-12-23_deepdta_points/deepdta_point_kiba_random_seed3/cp_local_constrained_lcb_target_aacomp_k240_m50_gamma0_alpha0p05/pred_intervals_test.csv.gz,True,299426,a6731990d184a1afeeeacdcf3babf6583175097d,cp_local_autosel_target_k240_m50_gamma0_alpha0p1,cp_local_constrained_lcb_target_aacomp_k240_m50_gamma0_alpha0p05,False
kiba,random,3,CAS-LCB-Bonf,runs/2025-12-23_deepdta_points/deepdta_point_kiba_random_seed3,runs/2025-12-23_deepdta_points/deepdta_point_kiba_random_seed3/cp_constrained_bonf_C17_delta0p05/pred_intervals_test.csv.gz,True,296381,cbc13862b0a92a0fb231b41568a311cf3d5fa99d,,cp_constrained_bonf_C17_delta0p05,
kiba,random,3,TC-SC,runs/2025-12-23_deepdta_points/deepdta_point_kiba_random_seed3,runs/2025-12-23_deepdta_points/deepdta_point_kiba_random_seed3/pred_intervals_test_tc_sc.csv.gz,True,3924239,a665c0775671e75d213062a99bce5c443add0d45,,pred_intervals_test_tc_sc.csv.gz,
kiba,random,3,WSC-B,runs/2025-12-23_deepdta_points/deepdta_point_kiba_random_seed3,runs/2025-12-23_deepdta_points/deepdta_point_kiba_random_seed3/pred_intervals_test_wsc_B.csv.gz,True,3922318,0d4e335b3112e87bd7e0d299fccbe206e240b02e,,pred_intervals_test_wsc_B.csv.gz,
kiba,random,4,Fixed,runs/2025-12-23_deepdta_points/deepdta_point_kiba_random_seed4,runs/2025-12-23_deepdta_points/deepdta_point_kiba_random_seed4/cp_local_target_tfidf_k60_m200_gamma0p0_alpha0p1/pred_intervals_test.csv.gz,True,314615,18da8f99f5ecf58e5bdd4b54444e7d0a98d4325e,,cp_local_target_tfidf_k60_m200_gamma0p0_alpha0p1,
kiba,random,4,NaiveAutoSel,runs/2025-12-23_deepdta_points/deepdta_point_kiba_random_seed4,runs/2025-12-23_deepdta_points/deepdta_point_kiba_random_seed4/cp_local_autosel_target_k60_m50_gamma0_alpha0p1/pred_intervals_test.csv.gz,True,315877,fdd3916a0f2bc7fc77ff246fedd05115d19d8a01,,cp_local_autosel_target_k60_m50_gamma0_alpha0p1,
kiba,random,4,CAS-LCB,runs/2025-12-23_deepdta_points/deepdta_point_kiba_random_seed4,runs/2025-12-23_deepdta_points/deepdta_point_kiba_random_seed4/cp_local_constrained_lcb_target_aacomp_k60_m50_gamma0_alpha0p05/pred_intervals_test.csv.gz,True,313705,76142c413933db090d4bf755b4fd0a20cf5b0675,cp_local_autosel_target_k60_m50_gamma0_alpha0p1,cp_local_constrained_lcb_target_aacomp_k60_m50_gamma0_alpha0p05,False
kiba,random,4,CAS-LCB-Bonf,runs/2025-12-23_deepdta_points/deepdta_point_kiba_random_seed4,runs/2025-12-23_deepdta_points/deepdta_point_kiba_random_seed4/cp_constrained_bonf_C17_delta0p05/pred_intervals_test.csv.gz,True,313705,3b117895536422f37ecb23f5717d2bbd15601875,,cp_constrained_bonf_C17_delta0p05,
kiba,random,4,TC-SC,runs/2025-12-23_deepdta_points/deepdta_point_kiba_random_seed4,runs/2025-12-23_deepdta_points/deepdta_point_kiba_random_seed4/pred_intervals_test_tc_sc.csv.gz,True,3921379,9df31ab24a8ca6e8c32440c16e412d3f0a714e0b,,pred_intervals_test_tc_sc.csv.gz,
kiba,random,4,WSC-B,runs/2025-12-23_deepdta_points/deepdta_point_kiba_random_seed4,runs/2025-12-23_deepdta_points/deepdta_point_kiba_random_seed4/pred_intervals_test_wsc_B.csv.gz,True,3915487,dc5c7522567a59832197161502d4c5b67e54ffcf,,pred_intervals_test_wsc_B.csv.gz,
